Date,Open,High,Low,Close,Value Traded (SAR),Number of Trades,Size,Month,Quarter,Daily_Return_Pct
2025-12-31,4488.09,4526.54,4486.43,4518.59,1278676992.02,43525,Tadawul Large Cap Index,2025-12,2025Q4,
2025-12-30,4509.54,4514.52,4465.13,4486.82,955655679.98,63698,Tadawul Large Cap Index,2025-12,2025Q4,-0.7030954346378016
2025-12-29,4500.86,4522.85,4478.84,4522.85,844873277.93,54582,Tadawul Large Cap Index,2025-12,2025Q4,0.8030186189773802
2025-12-28,4529.26,4535.61,4492.18,4492.18,663109888.75,55620,Tadawul Large Cap Index,2025-12,2025Q4,-0.6781122522303451
2025-12-25,4535.4,4547.43,4525.08,4529.93,447893354.52,30228,Tadawul Large Cap Index,2025-12,2025Q4,0.8403492291048087
2025-12-24,4553.53,4562.02,4531.21,4542.21,816850655.62,43795,Tadawul Large Cap Index,2025-12,2025Q4,0.27108586666901857
2025-12-23,4523.63,4553.69,4513.88,4553.69,1145716468.83,51045,Tadawul Large Cap Index,2025-12,2025Q4,0.252740406101859
2025-12-22,4476.12,4529.8,4465.6,4529.8,1110991390.3,54799,Tadawul Large Cap Index,2025-12,2025Q4,-0.5246294763147974
2025-12-21,4483.7,4514.37,4467.53,4473.28,701327417.73,44552,Tadawul Large Cap Index,2025-12,2025Q4,-1.2477372069407133
2025-12-18,4446.19,4467.17,4434.32,4464.61,2531447247.05,65730,Tadawul Large Cap Index,2025-12,2025Q4,-0.19381751198226382
2025-12-17,4449.77,4455.06,4423.47,4439.34,1281526168.61,68367,Tadawul Large Cap Index,2025-12,2025Q4,-0.5660068852598399
2025-12-16,4524.1,4528.02,4457.13,4461.72,1335259993.79,71723,Tadawul Large Cap Index,2025-12,2025Q4,0.5041289921474901
2025-12-15,4513.5,4522.26,4472.6,4515.3,1224497808.52,76982,Tadawul Large Cap Index,2025-12,2025Q4,1.2008821710013162
2025-12-14,4569.1,4569.1,4520.03,4525.81,773133150.39,55106,Tadawul Large Cap Index,2025-12,2025Q4,0.23276415742032874
2025-12-11,4586.63,4591.34,4558.4,4573.18,1307312887.88,66929,Tadawul Large Cap Index,2025-12,2025Q4,1.0466634701854494
2025-12-10,4562.44,4580.82,4553.9,4575.25,1096245296.96,56630,Tadawul Large Cap Index,2025-12,2025Q4,0.045263908265136266
2025-12-09,4521.13,4553.34,4517.8,4553.34,1503268902.66,63224,Tadawul Large Cap Index,2025-12,2025Q4,-0.4788809354680068
2025-12-08,4533.36,4538.95,4505.51,4533.13,1349231648.37,79432,Tadawul Large Cap Index,2025-12,2025Q4,-0.4438500090043762
2025-12-07,4529.92,4544.64,4522.26,4534.07,635837896.89,41816,Tadawul Large Cap Index,2025-12,2025Q4,0.02073622419829224
2025-12-04,4503.68,4558.02,4503.68,4523.38,1484832214.56,76667,Tadawul Large Cap Index,2025-12,2025Q4,-0.2357705108213981
2025-12-03,4478.75,4502.05,4465.69,4502.05,1088634926.62,58359,Tadawul Large Cap Index,2025-12,2025Q4,-0.47155003559284925
2025-12-02,4475.66,4493.53,4466.1,4489.25,992942225.49,71362,Tadawul Large Cap Index,2025-12,2025Q4,-0.2843149232016562
2025-12-01,4503.65,4506.01,4453.69,4474.66,1218574402.93,79447,Tadawul Large Cap Index,2025-12,2025Q4,-0.3249986077852651
2025-11-30,4516.67,4533.42,4493.83,4498.86,542361542.38,56214,Tadawul Large Cap Index,2025-11,2025Q4,0.5408232133838009
2025-11-27,4526.8,4539.33,4506.06,4512.07,1122963605.1,83033,Tadawul Large Cap Index,2025-11,2025Q4,0.2936299418074828
2025-11-26,4528.64,4544.92,4486.21,4518.12,1846884691.7,128972,Tadawul Large Cap Index,2025-11,2025Q4,0.13408479921632743
2025-11-25,4589.17,4606.73,4532.62,4532.62,1162235779.69,77904,Tadawul Large Cap Index,2025-11,2025Q4,0.3209299443131197
2025-11-24,4664.57,4666.55,4589.1,4589.1,2882905291.79,81063,Tadawul Large Cap Index,2025-11,2025Q4,1.2460784270466263
2025-11-23,4659.72,4688.4,4653.0,4667.53,584592684.71,38028,Tadawul Large Cap Index,2025-11,2025Q4,1.7090497047351105
2025-11-20,4655.88,4672.3,4640.62,4657.44,998559200.18,56945,Tadawul Large Cap Index,2025-11,2025Q4,-0.21617429346999506
2025-11-19,4698.46,4715.13,4650.22,4650.22,1265604253.03,62957,Tadawul Large Cap Index,2025-11,2025Q4,-0.1550207839499662
2025-11-18,4665.08,4704.44,4649.19,4700.54,1654448374.81,81625,Tadawul Large Cap Index,2025-11,2025Q4,1.0820993415365132
2025-11-17,4655.8,4697.03,4655.8,4679.7,1398848190.12,71854,Tadawul Large Cap Index,2025-11,2025Q4,-0.44335331685295687
2025-11-16,4705.77,4712.42,4661.99,4664.08,769699139.48,47009,Tadawul Large Cap Index,2025-11,2025Q4,-0.3337820800478619
2025-11-13,4759.59,4761.85,4712.83,4712.83,1147208944.26,72658,Tadawul Large Cap Index,2025-11,2025Q4,1.0452222088815022
2025-11-12,4767.26,4778.88,4753.03,4758.77,952711707.44,50021,Tadawul Large Cap Index,2025-11,2025Q4,0.9747858505399165
2025-11-11,4752.56,4772.26,4748.13,4772.26,1222645298.64,58272,Tadawul Large Cap Index,2025-11,2025Q4,0.28347661265410995
2025-11-10,4754.07,4765.25,4740.05,4753.11,1326398959.96,75645,Tadawul Large Cap Index,2025-11,2025Q4,-0.4012773822046678
2025-11-09,4770.45,4771.21,4725.19,4757.02,755463639.13,49067,Tadawul Large Cap Index,2025-11,2025Q4,0.08226192955771428
2025-11-06,4775.02,4796.84,4764.95,4771.61,1327345617.3,72112,Tadawul Large Cap Index,2025-11,2025Q4,0.3067046175967203
2025-11-05,4797.8,4822.54,4767.18,4770.86,1556278316.0,83141,Tadawul Large Cap Index,2025-11,2025Q4,-0.015717965215089613
2025-11-04,4859.35,4877.14,4816.36,4820.29,1748630892.21,84256,Tadawul Large Cap Index,2025-11,2025Q4,1.0360815450463967
2025-11-03,4865.29,4872.77,4830.46,4851.18,2052690658.82,95845,Tadawul Large Cap Index,2025-11,2025Q4,0.6408328129635432
2025-11-02,4886.62,4925.48,4874.04,4875.28,1522847227.64,71883,Tadawul Large Cap Index,2025-11,2025Q4,0.49678634888830064
2025-10-30,4983.83,4993.33,4916.98,4928.74,2994978986.99,106066,Tadawul Large Cap Index,2025-10,2025Q4,1.0965524031440355
2025-10-29,4942.93,4982.88,4939.9,4982.88,1536475808.01,64124,Tadawul Large Cap Index,2025-10,2025Q4,1.0984551832720069
2025-10-28,4900.98,4948.86,4900.98,4937.39,2153360104.86,83857,Tadawul Large Cap Index,2025-10,2025Q4,-0.9129258581382582
2025-10-27,4905.33,4927.05,4900.99,4905.67,1884635374.25,81300,Tadawul Large Cap Index,2025-10,2025Q4,-0.6424446924387262
2025-10-26,4921.35,4928.03,4898.17,4901.95,753220958.0,43328,Tadawul Large Cap Index,2025-10,2025Q4,-0.07583062048609479
2025-10-23,4918.01,4923.81,4888.91,4921.1,1818209276.61,74291,Tadawul Large Cap Index,2025-10,2025Q4,0.39066085945389517
2025-10-22,4883.9,4922.39,4857.39,4912.4,2383227050.16,94890,Tadawul Large Cap Index,2025-10,2025Q4,-0.17678974213083398
2025-10-21,4931.8,4931.99,4875.89,4880.11,1628676919.61,68211,Tadawul Large Cap Index,2025-10,2025Q4,-0.6573161794642068
2025-10-20,4941.44,4948.46,4901.64,4913.08,1721733634.4,79747,Tadawul Large Cap Index,2025-10,2025Q4,0.6755995254205338
2025-10-19,4924.33,4951.89,4920.66,4932.05,1186723132.67,57978,Tadawul Large Cap Index,2025-10,2025Q4,0.3861121740333928
2025-10-16,4915.26,4942.66,4915.26,4924.64,2060196330.2,93397,Tadawul Large Cap Index,2025-10,2025Q4,-0.1502417858699645
2025-10-15,4870.68,4920.26,4867.65,4915.66,2281077457.69,86279,Tadawul Large Cap Index,2025-10,2025Q4,-0.18234835439748798
2025-10-14,4851.47,4888.47,4851.47,4865.76,1694412465.54,81980,Tadawul Large Cap Index,2025-10,2025Q4,-1.0151230963899027
2025-10-13,4825.76,4862.36,4819.75,4851.03,1603545280.97,88244,Tadawul Large Cap Index,2025-10,2025Q4,-0.30272763144915116
2025-10-12,4771.14,4835.08,4744.51,4809.2,1453264736.26,70913,Tadawul Large Cap Index,2025-10,2025Q4,-0.862291101065138
2025-10-09,4859.99,4873.73,4855.87,4856.2,1352594627.17,72385,Tadawul Large Cap Index,2025-10,2025Q4,0.9772935207518874
2025-10-08,4851.04,4882.94,4850.91,4854.22,1535573326.33,76477,Tadawul Large Cap Index,2025-10,2025Q4,-0.04077262056750852
2025-10-07,4865.33,4868.92,4826.01,4850.86,1925854631.64,87303,Tadawul Large Cap Index,2025-10,2025Q4,-0.06921812361204704
2025-10-06,4837.23,4886.65,4835.41,4865.95,1896951379.88,87921,Tadawul Large Cap Index,2025-10,2025Q4,0.3110788602433523
2025-10-05,4837.1,4851.06,4822.16,4832.22,863355154.88,57863,Tadawul Large Cap Index,2025-10,2025Q4,-0.6931842702863733
2025-10-02,4855.78,4862.29,4825.4,4829.24,2331826286.82,109210,Tadawul Large Cap Index,2025-10,2025Q4,-0.06166937763596447
2025-10-01,4842.24,4870.42,4832.41,4853.05,1925488052.97,97756,Tadawul Large Cap Index,2025-10,2025Q4,0.4930382420422319
2025-09-30,4800.67,4856.56,4793.82,4838.69,2947398001.02,108736,Tadawul Large Cap Index,2025-09,2025Q3,-0.2958963950505433
2025-09-29,4698.99,4803.23,4691.45,4800.2,3161176262.43,113365,Tadawul Large Cap Index,2025-09,2025Q3,-0.7954632348838198
2025-09-28,4728.96,4753.75,4698.82,4701.46,1394897077.4,76929,Tadawul Large Cap Index,2025-09,2025Q3,-2.0569976250989552
2025-09-25,4942.15,4942.93,4709.56,4752.96,8822215116.52,217174,Tadawul Large Cap Index,2025-09,2025Q3,1.095404406290812
2025-09-24,4658.9,4833.77,4632.17,4824.29,6630425550.48,201883,Tadawul Large Cap Index,2025-09,2025Q3,1.5007490069346208
2025-09-22,4529.29,4576.96,4519.4,4573.97,1708591034.08,101078,Tadawul Large Cap Index,2025-09,2025Q3,-5.188742799458568
2025-09-21,4537.65,4558.67,4515.95,4532.95,1645777503.77,89973,Tadawul Large Cap Index,2025-09,2025Q3,-0.8968139275071896
2025-09-18,4483.09,4523.81,4466.08,4523.81,3204785239.17,110111,Tadawul Large Cap Index,2025-09,2025Q3,-0.2016346970515781
2025-09-17,4426.09,4477.03,4423.5,4474.87,1606824246.56,109090,Tadawul Large Cap Index,2025-09,2025Q3,-1.081831465070382
2025-09-16,4385.8,4420.98,4368.45,4420.98,1419869982.33,80319,Tadawul Large Cap Index,2025-09,2025Q3,-1.2042807947493572
2025-09-15,4388.27,4393.89,4356.65,4385.24,1611108583.16,121892,Tadawul Large Cap Index,2025-09,2025Q3,-0.8084180430583232
2025-09-14,4387.25,4394.51,4363.77,4388.94,747839947.12,82242,Tadawul Large Cap Index,2025-09,2025Q3,0.08437394532567755
2025-09-11,4409.86,4419.96,4382.92,4393.54,1108679866.06,93811,Tadawul Large Cap Index,2025-09,2025Q3,0.10480890602286852
2025-09-10,4418.49,4418.7,4392.77,4408.54,1055854160.07,116734,Tadawul Large Cap Index,2025-09,2025Q3,0.3414103433677651
2025-09-09,4406.54,4420.01,4380.21,4420.01,1440007528.04,143833,Tadawul Large Cap Index,2025-09,2025Q3,0.2601768385905645
2025-09-08,4453.27,4459.06,4401.37,4405.59,1327032454.5,122678,Tadawul Large Cap Index,2025-09,2025Q3,-0.3262436057836937
2025-09-07,4479.58,4482.88,4449.84,4454.23,539355678.33,65173,Tadawul Large Cap Index,2025-09,2025Q3,1.1040518977026847
2025-09-04,4450.43,4480.57,4449.5,4473.61,1100605166.11,89033,Tadawul Large Cap Index,2025-09,2025Q3,0.43509203610949676
2025-09-03,4465.16,4485.72,4450.32,4450.93,1021768739.89,95229,Tadawul Large Cap Index,2025-09,2025Q3,-0.5069731156716717
2025-09-02,4467.63,4476.18,4447.62,4476.18,1266682382.46,94521,Tadawul Large Cap Index,2025-09,2025Q3,0.5672971716023323
2025-09-01,4467.43,4480.38,4451.79,4467.79,1281338780.5,111460,Tadawul Large Cap Index,2025-09,2025Q3,-0.1874366088941981
2025-08-31,4480.29,4488.79,4458.46,4463.45,662339061.53,64464,Tadawul Large Cap Index,2025-08,2025Q3,-0.09713974918248436
2025-08-28,4497.29,4506.27,4461.11,4461.11,1159389326.01,122191,Tadawul Large Cap Index,2025-08,2025Q3,-0.052425814112400104
2025-08-27,4533.15,4534.18,4495.34,4495.34,1218894970.44,79516,Tadawul Large Cap Index,2025-08,2025Q3,0.7672978249807949
2025-08-26,4556.92,4558.92,4527.66,4527.69,2373349094.35,86536,Tadawul Large Cap Index,2025-08,2025Q3,0.7196341099894532
2025-08-25,4566.76,4576.82,4552.44,4554.51,1091612208.72,80109,Tadawul Large Cap Index,2025-08,2025Q3,0.5923550419750567
2025-08-24,4573.74,4598.2,4569.55,4569.55,1160093551.93,71333,Tadawul Large Cap Index,2025-08,2025Q3,0.3302221314696929
2025-08-21,4545.31,4563.61,4542.45,4558.63,1755793412.78,113042,Tadawul Large Cap Index,2025-08,2025Q3,-0.23897320305062975
2025-08-20,4549.79,4567.65,4543.94,4550.87,1452610733.03,89743,Tadawul Large Cap Index,2025-08,2025Q3,-0.17022658123164724
2025-08-19,4562.15,4573.37,4543.29,4562.97,1173827385.78,76374,Tadawul Large Cap Index,2025-08,2025Q3,0.26588322672369546
2025-08-18,4575.03,4578.05,4545.95,4564.02,1051566191.23,69076,Tadawul Large Cap Index,2025-08,2025Q3,0.023011328148125898
2025-08-17,4554.65,4579.37,4551.2,4576.07,790443643.9,46813,Tadawul Large Cap Index,2025-08,2025Q3,0.26402163005418977
2025-08-14,4522.76,4557.55,4515.46,4557.55,1386095321.37,83520,Tadawul Large Cap Index,2025-08,2025Q3,-0.4047140887267764
2025-08-13,4507.21,4540.1,4506.19,4519.76,1157359762.76,81360,Tadawul Large Cap Index,2025-08,2025Q3,-0.8291735691325353
2025-08-12,4522.55,4530.51,4499.49,4510.15,1030033935.09,63781,Tadawul Large Cap Index,2025-08,2025Q3,-0.21262190912793022
2025-08-11,4558.22,4563.09,4524.89,4524.89,1168849815.26,72175,Tadawul Large Cap Index,2025-08,2025Q3,0.3268183985011719
2025-08-10,4563.43,4571.75,4553.42,4563.73,873672046.26,48721,Tadawul Large Cap Index,2025-08,2025Q3,0.8583634077292235
2025-08-07,4566.49,4571.07,4555.81,4559.55,1025194844.08,58650,Tadawul Large Cap Index,2025-08,2025Q3,-0.09159174622511701
2025-08-06,4564.07,4578.51,4557.47,4575.57,1187507428.84,60005,Tadawul Large Cap Index,2025-08,2025Q3,0.35135046221665966
2025-08-05,4533.19,4564.09,4524.39,4564.09,1554374264.98,76741,Tadawul Large Cap Index,2025-08,2025Q3,-0.2508977023627512
2025-08-04,4511.39,4540.16,4481.34,4538.57,1329851553.66,85288,Tadawul Large Cap Index,2025-08,2025Q3,-0.5591476066422962
2025-08-03,4572.93,4573.11,4518.97,4535.94,794886095.34,62523,Tadawul Large Cap Index,2025-08,2025Q3,-0.05794776768894838
2025-07-31,4573.43,4578.6,4547.03,4578.6,1257196369.62,74150,Tadawul Large Cap Index,2025-07,2025Q3,0.9404886308020055
2025-07-30,4515.16,4574.29,4503.45,4574.29,1284215764.3,80034,Tadawul Large Cap Index,2025-07,2025Q3,-0.09413357794959554
2025-07-29,4555.87,4562.18,4508.28,4520.87,1388949857.82,91808,Tadawul Large Cap Index,2025-07,2025Q3,-1.1678315104639236
2025-07-28,4568.66,4589.54,4549.91,4549.91,1244937379.75,75472,Tadawul Large Cap Index,2025-07,2025Q3,0.6423542371269297
2025-07-27,4577.78,4581.03,4567.01,4574.87,773842885.43,55583,Tadawul Large Cap Index,2025-07,2025Q3,0.5485822796494899
2025-07-24,4599.98,4606.08,4565.02,4573.6,1408447399.41,82016,Tadawul Large Cap Index,2025-07,2025Q3,-0.027760351660255367
2025-07-23,4536.39,4595.0,4530.8,4595.0,1709864394.9,78053,Tadawul Large Cap Index,2025-07,2025Q3,0.4679027461955476
2025-07-22,4601.28,4603.35,4533.64,4533.64,1212807172.96,80415,Tadawul Large Cap Index,2025-07,2025Q3,-1.3353645266594105
2025-07-21,4594.5,4608.46,4565.91,4597.96,1418681037.77,89547,Tadawul Large Cap Index,2025-07,2025Q3,1.418727556665278
2025-07-20,4606.76,4633.27,4579.76,4583.52,874102628.15,66933,Tadawul Large Cap Index,2025-07,2025Q3,-0.31405231885444085
2025-07-17,4616.78,4617.02,4588.97,4599.89,1534032327.9,104016,Tadawul Large Cap Index,2025-07,2025Q3,0.3571490906552066
2025-07-16,4631.64,4656.76,4614.91,4618.87,1127535722.66,81798,Tadawul Large Cap Index,2025-07,2025Q3,0.4126185626177836
2025-07-15,4677.56,4682.22,4621.22,4636.51,1575720203.58,80326,Tadawul Large Cap Index,2025-07,2025Q3,0.38191159309528544
2025-07-14,4694.74,4698.13,4665.41,4686.53,1193950225.82,81095,Tadawul Large Cap Index,2025-07,2025Q3,1.0788286879571007
2025-07-13,4709.9,4725.22,4677.05,4691.44,998180642.64,76749,Tadawul Large Cap Index,2025-07,2025Q3,0.10476834672987767
2025-07-10,4714.18,4736.83,4709.22,4709.84,1487076253.91,87022,Tadawul Large Cap Index,2025-07,2025Q3,0.39220367307266635
2025-07-09,4735.1,4741.05,4705.19,4715.65,1425171040.12,85131,Tadawul Large Cap Index,2025-07,2025Q3,0.12335875528679541
2025-07-08,4765.06,4778.35,4734.33,4744.68,1496181961.91,80414,Tadawul Large Cap Index,2025-07,2025Q3,0.6156097250644255
2025-07-07,4768.53,4791.09,4760.38,4770.78,1775879615.27,90479,Tadawul Large Cap Index,2025-07,2025Q3,0.5500897847694475
2025-07-06,4722.64,4772.95,4709.67,4767.97,1257834547.52,62410,Tadawul Large Cap Index,2025-07,2025Q3,-0.05890022176665566
2025-07-03,4663.56,4725.66,4659.72,4725.66,1965379181.64,89359,Tadawul Large Cap Index,2025-07,2025Q3,-0.8873797444195364
2025-07-02,4651.66,4668.95,4633.8,4656.15,1819912819.46,89189,Tadawul Large Cap Index,2025-07,2025Q3,-1.4709056512741125
2025-07-01,4696.09,4698.35,4640.07,4649.74,1908546373.78,88942,Tadawul Large Cap Index,2025-07,2025Q3,-0.13766738614520158
2025-06-30,4679.06,4700.52,4665.93,4676.59,2707400313.97,126596,Tadawul Large Cap Index,2025-06,2025Q2,0.5774516424574383
2025-06-29,4650.65,4677.65,4638.24,4677.65,1352547455.52,70816,Tadawul Large Cap Index,2025-06,2025Q2,0.022666087897360576
2025-06-26,4603.84,4638.85,4584.54,4638.85,1694835419.88,87812,Tadawul Large Cap Index,2025-06,2025Q2,-0.8294763396149651
2025-06-25,4627.36,4630.98,4579.64,4605.87,1644986772.1,105975,Tadawul Large Cap Index,2025-06,2025Q2,-0.7109520678616588
2025-06-24,4580.35,4612.94,4565.01,4611.97,3143928707.62,134088,Tadawul Large Cap Index,2025-06,2025Q2,0.13243969108984732
2025-06-23,4463.61,4509.97,4459.06,4507.48,1177540137.25,68871,Tadawul Large Cap Index,2025-06,2025Q2,-2.2656261857731175
2025-06-22,4467.1,4521.23,4454.5,4455.17,1008333646.8,62131,Tadawul Large Cap Index,2025-06,2025Q2,-1.1605154099407988
2025-06-19,4465.94,4483.02,4442.0,4472.16,2721537275.1,82602,Tadawul Large Cap Index,2025-06,2025Q2,0.3813546957804004
2025-06-18,4498.67,4499.87,4462.17,4469.44,1300700692.0,89525,Tadawul Large Cap Index,2025-06,2025Q2,-0.060820721977750125
2025-06-17,4587.94,4588.8,4511.19,4512.28,1859054094.82,109459,Tadawul Large Cap Index,2025-06,2025Q2,0.9585093434524294
2025-06-16,4543.23,4615.45,4542.37,4585.97,1769953015.85,106587,Tadawul Large Cap Index,2025-06,2025Q2,1.6330990098132325
2025-06-15,4434.58,4550.86,4434.21,4533.84,1935991493.02,98726,Tadawul Large Cap Index,2025-06,2025Q2,-1.136727889628586
2025-06-12,4598.47,4600.82,4549.98,4574.41,1882738955.76,126114,Tadawul Large Cap Index,2025-06,2025Q2,0.8948264605720402
2025-06-11,4670.32,4701.85,4596.81,4616.91,2361734437.87,136115,Tadawul Large Cap Index,2025-06,2025Q2,0.9290815646170847
2025-06-04,4550.2,4629.33,4548.83,4625.85,2022278885.4,109349,Tadawul Large Cap Index,2025-06,2025Q2,0.19363600330091213
2025-06-03,4567.34,4569.21,4537.5,4537.5,1334625543.08,98347,Tadawul Large Cap Index,2025-06,2025Q2,-1.9099192580823043
2025-06-02,4565.1,4585.93,4550.03,4553.33,1669113063.5,107703,Tadawul Large Cap Index,2025-06,2025Q2,0.34887052341596725
2025-06-01,4628.95,4630.91,4536.09,4552.98,1293941273.83,98244,Tadawul Large Cap Index,2025-06,2025Q2,-0.0076866820546750425
2025-05-29,4688.64,4693.55,4616.84,4620.21,4183184394.75,136984,Tadawul Large Cap Index,2025-05,2025Q2,1.4766153156833717
2025-05-28,4634.18,4694.11,4630.47,4664.62,1686074111.85,83114,Tadawul Large Cap Index,2025-05,2025Q2,0.9612117198136039
2025-05-27,4684.14,4687.42,4607.49,4628.56,1586860940.95,101796,Tadawul Large Cap Index,2025-05,2025Q2,-0.7730533248152982
2025-05-26,4635.81,4681.3,4615.41,4681.3,1548843274.09,90460,Tadawul Large Cap Index,2025-05,2025Q2,1.1394472578944548
2025-05-25,4727.74,4729.6,4613.19,4613.19,1394137971.22,96039,Tadawul Large Cap Index,2025-05,2025Q2,-1.4549377309721834
2025-05-22,4749.73,4751.96,4713.96,4721.62,1583277500.8,91097,Tadawul Large Cap Index,2025-05,2025Q2,2.3504342981754522
2025-05-21,4828.06,4843.88,4762.65,4762.65,1628755583.6,86656,Tadawul Large Cap Index,2025-05,2025Q2,0.8689814089231973
2025-05-20,4822.13,4854.49,4812.25,4839.22,1715460843.15,82553,Tadawul Large Cap Index,2025-05,2025Q2,1.6077183920716553
2025-05-19,4824.36,4833.24,4800.81,4824.09,1570595460.45,80237,Tadawul Large Cap Index,2025-05,2025Q2,-0.3126536921239431
2025-05-18,4852.86,4865.09,4821.78,4825.23,896547665.45,64708,Tadawul Large Cap Index,2025-05,2025Q2,0.023631399911683282
2025-05-15,4865.12,4874.32,4840.01,4849.08,1426278628.0,74422,Tadawul Large Cap Index,2025-05,2025Q2,0.49427695674610916
2025-05-14,4860.13,4875.64,4842.68,4866.73,2035408989.05,97113,Tadawul Large Cap Index,2025-05,2025Q2,0.36398657064844464
2025-05-13,4876.58,4876.58,4848.37,4872.78,1672305997.85,84513,Tadawul Large Cap Index,2025-05,2025Q2,0.12431345071537425
2025-05-12,4824.89,4878.45,4821.97,4854.92,2048455569.4,84221,Tadawul Large Cap Index,2025-05,2025Q2,-0.36652588460796
2025-05-11,4837.11,4848.76,4799.04,4805.25,867868409.03,58567,Tadawul Large Cap Index,2025-05,2025Q2,-1.023085859293249
2025-05-08,4850.32,4860.37,4800.45,4816.25,1501286177.36,92757,Tadawul Large Cap Index,2025-05,2025Q2,0.22891628947505627
2025-05-07,4833.19,4847.73,4818.26,4821.5,1343861066.81,64268,Tadawul Large Cap Index,2025-05,2025Q2,0.10900596937450935
2025-05-06,4833.51,4858.14,4811.71,4832.96,1487530636.3,84178,Tadawul Large Cap Index,2025-05,2025Q2,0.23768536762418524
2025-05-05,4810.48,4841.82,4771.93,4827.15,1795332949.1,95763,Tadawul Large Cap Index,2025-05,2025Q2,-0.12021618221546015
2025-05-04,4900.3,4906.12,4818.56,4818.56,1209211125.8,82837,Tadawul Large Cap Index,2025-05,2025Q2,-0.17795179350132972
2025-05-01,4956.01,4957.98,4878.15,4895.82,1720122087.8,92020,Tadawul Large Cap Index,2025-05,2025Q2,1.6033835834772026
2025-04-30,4978.75,4996.83,4954.83,4966.39,2312899863.65,84686,Tadawul Large Cap Index,2025-04,2025Q2,1.4414337128407562
2025-04-29,5001.64,5006.06,4978.78,4978.78,2115819225.05,85147,Tadawul Large Cap Index,2025-04,2025Q2,0.24947698428836595
2025-04-28,5000.81,5011.24,4984.73,4999.89,1436751064.65,78936,Tadawul Large Cap Index,2025-04,2025Q2,0.423999453681434
2025-04-27,5012.91,5018.12,4991.78,4994.28,859143528.3,57412,Tadawul Large Cap Index,2025-04,2025Q2,-0.11220246845431436
2025-04-24,4976.82,5014.45,4971.32,5004.2,2494006640.55,87289,Tadawul Large Cap Index,2025-04,2025Q2,0.19862722955059642
2025-04-23,4948.56,4979.0,4946.17,4972.95,2399165146.4,66944,Tadawul Large Cap Index,2025-04,2025Q2,-0.624475440629868
2025-04-22,4903.12,4918.92,4885.98,4912.1,1964992457.35,71612,Tadawul Large Cap Index,2025-04,2025Q2,-1.2236197830261641
2025-04-21,4914.59,4918.92,4880.32,4884.42,820187408.15,57750,Tadawul Large Cap Index,2025-04,2025Q2,-0.5635064432727432
2025-04-20,4904.88,4922.66,4903.87,4911.76,898929747.65,46638,Tadawul Large Cap Index,2025-04,2025Q2,0.559738924990083
2025-04-17,4922.05,4926.9,4891.16,4894.34,1381459437.8,62428,Tadawul Large Cap Index,2025-04,2025Q2,-0.35465902242780567
2025-04-16,4908.33,4938.16,4896.07,4938.16,1873872412.5,85277,Tadawul Large Cap Index,2025-04,2025Q2,0.8953199001295209
2025-04-15,4909.53,4918.69,4898.48,4913.33,1705311521.7,85343,Tadawul Large Cap Index,2025-04,2025Q2,-0.5028188637063224
2025-04-14,4930.23,4931.74,4890.35,4903.24,1510505357.5,90967,Tadawul Large Cap Index,2025-04,2025Q2,-0.20535970512870483
2025-04-13,4931.58,4939.61,4911.57,4924.84,1242557430.2,84612,Tadawul Large Cap Index,2025-04,2025Q2,0.44052504058542663
2025-04-10,4938.76,4939.72,4856.95,4901.5,2934847379.05,128298,Tadawul Large Cap Index,2025-04,2025Q2,-0.4739240259582056
2025-04-09,4794.95,4842.94,4708.94,4726.23,2296049491.95,117595,Tadawul Large Cap Index,2025-04,2025Q2,-3.5758441293481713
2025-04-08,4853.88,4911.1,4801.93,4801.93,2766371618.3,131616,Tadawul Large Cap Index,2025-04,2025Q2,1.6016994517829453
2025-04-07,4625.3,4782.36,4558.91,4776.24,3650105080.21,192124,Tadawul Large Cap Index,2025-04,2025Q2,-0.5349932214755437
2025-04-06,4793.29,4820.83,4707.88,4707.88,3368304107.81,169910,Tadawul Large Cap Index,2025-04,2025Q2,-1.4312513609031297
2025-04-03,5034.26,5101.28,5014.1,5041.45,2054393007.2,115080,Tadawul Large Cap Index,2025-04,2025Q2,7.085354766901442
2025-03-27,5079.22,5129.33,5078.64,5100.9,2043989152.3,105855,Tadawul Large Cap Index,2025-03,2025Q1,1.1792242311239765
2025-03-26,4971.28,5080.01,4971.28,5080.01,2086278117.2,107959,Tadawul Large Cap Index,2025-03,2025Q1,-0.40953557215391845
2025-03-25,4991.89,4997.56,4958.73,4958.73,1294113354.0,76157,Tadawul Large Cap Index,2025-03,2025Q1,-2.3873968752030184
2025-03-24,4961.75,4991.33,4939.63,4991.33,1341487758.5,70285,Tadawul Large Cap Index,2025-03,2025Q1,0.6574263974848504
2025-03-23,4975.6,4991.24,4946.42,4946.42,761951588.9,57486,Tadawul Large Cap Index,2025-03,2025Q1,-0.8997601841593261
2025-03-20,4956.67,4984.06,4943.98,4977.77,2473957687.2,74173,Tadawul Large Cap Index,2025-03,2025Q1,0.633791711985654
2025-03-19,4985.75,4987.1,4931.24,4951.59,1646037316.3,98236,Tadawul Large Cap Index,2025-03,2025Q1,-0.5259383217786295
2025-03-18,5013.51,5016.72,4967.41,4985.87,1685484263.5,103144,Tadawul Large Cap Index,2025-03,2025Q1,0.6923028764497907
2025-03-17,4999.39,5034.94,4997.72,5019.72,1948861495.45,86834,Tadawul Large Cap Index,2025-03,2025Q1,0.6789186240315104
2025-03-16,4940.11,5001.17,4933.64,4989.23,1284523062.15,67814,Tadawul Large Cap Index,2025-03,2025Q1,-0.6074043970580201
2025-03-13,4930.22,4950.18,4910.15,4934.89,1713034538.75,90881,Tadawul Large Cap Index,2025-03,2025Q1,-1.0891460205281978
2025-03-12,4968.77,4969.25,4916.41,4926.99,1703913861.05,85248,Tadawul Large Cap Index,2025-03,2025Q1,-0.1600846219470098
2025-03-11,4939.43,4960.82,4887.57,4959.53,2280782926.7,100126,Tadawul Large Cap Index,2025-03,2025Q1,0.6604438003730451
2025-03-10,5013.56,5017.11,4956.7,4975.52,1760353201.95,78503,Tadawul Large Cap Index,2025-03,2025Q1,0.3224095831661611
2025-03-09,4989.39,5014.92,4951.28,5004.8,1079183622.35,54195,Tadawul Large Cap Index,2025-03,2025Q1,0.5884812039746556
2025-03-06,5000.78,5012.94,4908.31,4994.72,2317726347.7,108758,Tadawul Large Cap Index,2025-03,2025Q1,-0.20140664961636467
2025-03-05,5003.76,5024.59,4970.04,5003.94,1829514823.1,89618,Tadawul Large Cap Index,2025-03,2025Q1,0.1845949322484497
2025-03-04,5083.53,5098.46,4986.74,4994.32,2524629285.55,131589,Tadawul Large Cap Index,2025-03,2025Q1,-0.19224850817555206
2025-03-03,5072.88,5113.72,5060.41,5091.67,2081917119.6,81741,Tadawul Large Cap Index,2025-03,2025Q1,1.949214307453273
2025-03-02,5093.9,5107.38,5052.2,5068.93,947500704.2,56941,Tadawul Large Cap Index,2025-03,2025Q1,-0.44661181891205715
2025-02-27,5145.81,5147.86,5086.59,5086.59,3232294400.25,112620,Tadawul Large Cap Index,2025-02,2025Q1,0.3483969989721558
2025-02-26,5193.06,5205.62,5135.55,5152.99,2474352355.3,91977,Tadawul Large Cap Index,2025-02,2025Q1,1.305393200552829
2025-02-25,5208.39,5215.05,5158.82,5195.27,1663144270.55,72094,Tadawul Large Cap Index,2025-02,2025Q1,0.8204945090132254
2025-02-24,5217.44,5261.53,5202.97,5214.11,2926349356.1,122565,Tadawul Large Cap Index,2025-02,2025Q1,0.3626375530049408
2025-02-20,5172.7,5221.81,5167.17,5221.81,2128169653.8,65048,Tadawul Large Cap Index,2025-02,2025Q1,0.14767620936269044
2025-02-19,5167.81,5188.49,5158.61,5170.4,1809672314.8,59606,Tadawul Large Cap Index,2025-02,2025Q1,-0.9845245231059896
2025-02-18,5141.98,5173.81,5127.05,5173.81,1768188797.3,70374,Tadawul Large Cap Index,2025-02,2025Q1,0.06595234411266304
2025-02-17,5171.49,5174.05,5104.37,5127.22,1297343786.25,61636,Tadawul Large Cap Index,2025-02,2025Q1,-0.9004969258631479
2025-02-16,5180.67,5206.7,5172.27,5178.55,737101356.05,38446,Tadawul Large Cap Index,2025-02,2025Q1,1.001127316557504
2025-02-13,5168.35,5183.07,5158.16,5181.23,946656227.15,47310,Tadawul Large Cap Index,2025-02,2025Q1,0.0517519382838616
2025-02-12,5177.17,5184.01,5159.31,5175.82,1386296699.8,60557,Tadawul Large Cap Index,2025-02,2025Q1,-0.10441536083130032
2025-02-11,5217.89,5217.89,5181.95,5184.53,1698024382.0,56783,Tadawul Large Cap Index,2025-02,2025Q1,0.16828251368865565
2025-02-10,5204.99,5219.03,5199.5,5216.98,1451496929.25,61879,Tadawul Large Cap Index,2025-02,2025Q1,0.6259005155722752
2025-02-09,5204.73,5224.15,5196.84,5219.34,1022597707.0,50776,Tadawul Large Cap Index,2025-02,2025Q1,0.04523689950892695
2025-02-06,5195.2,5210.72,5178.08,5203.42,2101506534.85,75383,Tadawul Large Cap Index,2025-02,2025Q1,-0.3050194085842284
2025-02-05,5193.91,5212.61,5187.05,5191.83,2190090366.55,69616,Tadawul Large Cap Index,2025-02,2025Q1,-0.2227381222349889
2025-02-04,5172.88,5200.25,5166.68,5200.25,2022905039.9,85034,Tadawul Large Cap Index,2025-02,2025Q1,0.16217788332824057
2025-02-03,5189.16,5189.16,5155.53,5177.27,1970717086.5,82746,Tadawul Large Cap Index,2025-02,2025Q1,-0.44190183164269925
2025-02-02,5200.76,5219.42,5183.88,5195.29,1109224828.0,56634,Tadawul Large Cap Index,2025-02,2025Q1,0.3480598848427663
2025-01-30,5218.6,5219.28,5187.36,5194.53,1934609319.45,72020,Tadawul Large Cap Index,2025-01,2025Q1,-0.014628634782665184
2025-01-29,5232.6,5265.82,5188.12,5214.22,3467582914.6,99896,Tadawul Large Cap Index,2025-01,2025Q1,0.3790525803104572
2025-01-28,5189.56,5225.17,5186.03,5200.86,2393047244.25,94008,Tadawul Large Cap Index,2025-01,2025Q1,-0.2562224071865127
2025-01-27,5199.93,5208.94,5177.61,5177.61,1159956979.45,65195,Tadawul Large Cap Index,2025-01,2025Q1,-0.44704145083698243
2025-01-26,5192.28,5236.82,5186.49,5199.8,739907662.75,42458,Tadawul Large Cap Index,2025-01,2025Q1,0.42857611909743465
2025-01-23,5189.33,5214.46,5178.57,5192.25,1441932165.25,60618,Tadawul Large Cap Index,2025-01,2025Q1,-0.14519789222662283
2025-01-22,5202.5,5238.7,5184.77,5184.77,1761495750.1,79803,Tadawul Large Cap Index,2025-01,2025Q1,-0.1440608599354687
2025-01-21,5241.7,5243.83,5203.79,5204.37,1500876147.6,65032,Tadawul Large Cap Index,2025-01,2025Q1,0.37803026942371254
2025-01-20,5208.81,5251.06,5208.81,5235.3,1635648398.6,73566,Tadawul Large Cap Index,2025-01,2025Q1,0.5943082448019776
2025-01-19,5163.5,5221.62,5160.81,5210.34,1532767363.6,68398,Tadawul Large Cap Index,2025-01,2025Q1,-0.4767635092544853
2025-01-16,5141.91,5162.12,5132.26,5157.71,1822089190.45,71173,Tadawul Large Cap Index,2025-01,2025Q1,-1.0101068260420676
2025-01-15,5111.51,5134.71,5103.9,5129.28,1942657103.85,69788,Tadawul Large Cap Index,2025-01,2025Q1,-0.5512136199980255
2025-01-14,5088.44,5105.98,5079.66,5104.52,1320884665.5,62195,Tadawul Large Cap Index,2025-01,2025Q1,-0.4827188221348644
2025-01-13,5096.67,5112.84,5074.28,5077.23,1501523489.2,67515,Tadawul Large Cap Index,2025-01,2025Q1,-0.5346242154012693
2025-01-12,5098.73,5107.37,5088.99,5090.29,799050239.8,40033,Tadawul Large Cap Index,2025-01,2025Q1,0.2572268737087047
2025-01-09,5075.5,5100.11,5059.98,5087.27,1338438624.75,56506,Tadawul Large Cap Index,2025-01,2025Q1,-0.059328643358225186
2025-01-08,5083.19,5104.03,5064.23,5076.86,1553159009.7,69722,Tadawul Large Cap Index,2025-01,2025Q1,-0.2046284156335454
2025-01-07,5091.95,5113.53,5083.41,5084.3,1467920180.75,65862,Tadawul Large Cap Index,2025-01,2025Q1,0.14654727528433664
2025-01-06,5077.94,5102.57,5075.47,5091.01,1604441810.1,74768,Tadawul Large Cap Index,2025-01,2025Q1,0.13197490313316962
2025-01-05,5104.78,5110.26,5070.97,5076.29,933735759.6,46133,Tadawul Large Cap Index,2025-01,2025Q1,-0.2891371260319686
2025-01-02,5102.03,5115.39,5091.24,5103.76,1788313463.65,68421,Tadawul Large Cap Index,2025-01,2025Q1,0.541143236497521
2025-01-01,5083.79,5101.56,5080.33,5096.49,810850361.95,40625,Tadawul Large Cap Index,2025-01,2025Q1,-0.14244400206907537
2025-12-31,4071.0,4111.09,4071.0,4108.46,666787996.58,87173,Tadawul Medium Cap Index,2025-12,2025Q4,
2025-12-30,4116.12,4116.27,4047.09,4063.32,770105567.47,93289,Tadawul Medium Cap Index,2025-12,2025Q4,-1.0987085185203194
2025-12-29,4096.39,4126.08,4090.14,4126.08,611499786.15,82937,Tadawul Medium Cap Index,2025-12,2025Q4,1.5445497770296246
2025-12-28,4152.43,4152.43,4097.14,4101.7,542099238.62,71410,Tadawul Medium Cap Index,2025-12,2025Q4,-0.5908756010547522
2025-12-25,4147.46,4152.93,4136.31,4151.48,379028276.31,41736,Tadawul Medium Cap Index,2025-12,2025Q4,1.213643123582897
2025-12-24,4186.52,4187.07,4140.73,4145.63,626887751.88,76064,Tadawul Medium Cap Index,2025-12,2025Q4,-0.1409136018961754
2025-12-23,4168.95,4185.76,4161.57,4184.53,917365739.99,96544,Tadawul Medium Cap Index,2025-12,2025Q4,0.9383374782602205
2025-12-22,4166.89,4168.59,4135.79,4168.59,948499428.35,107870,Tadawul Medium Cap Index,2025-12,2025Q4,-0.3809268902361662
2025-12-21,4161.48,4200.99,4161.16,4161.85,593109085.3,73225,Tadawul Medium Cap Index,2025-12,2025Q4,-0.16168536603503592
2025-12-18,4145.93,4161.17,4119.06,4154.19,1701336242.74,106393,Tadawul Medium Cap Index,2025-12,2025Q4,-0.18405276499635637
2025-12-17,4152.75,4160.78,4126.52,4142.89,994491815.9,97408,Tadawul Medium Cap Index,2025-12,2025Q4,-0.27201452027950657
2025-12-16,4213.71,4216.85,4154.89,4159.93,1016339403.65,102194,Tadawul Medium Cap Index,2025-12,2025Q4,0.4113070827369336
2025-12-15,4205.27,4212.94,4180.87,4212.94,781372353.42,104291,Tadawul Medium Cap Index,2025-12,2025Q4,1.2743002887067645
2025-12-14,4264.45,4265.11,4204.15,4204.15,591724529.9,69370,Tadawul Medium Cap Index,2025-12,2025Q4,-0.208642895460176
2025-12-11,4274.93,4275.11,4256.36,4271.51,908691239.73,97025,Tadawul Medium Cap Index,2025-12,2025Q4,1.6022263715614438
2025-12-10,4263.15,4269.32,4255.03,4264.76,992500574.48,90956,Tadawul Medium Cap Index,2025-12,2025Q4,-0.15802374336008063
2025-12-09,4223.52,4262.17,4219.48,4262.17,1109292335.67,108431,Tadawul Medium Cap Index,2025-12,2025Q4,-0.060730263836650256
2025-12-08,4224.59,4229.16,4200.72,4223.19,836942186.4,86410,Tadawul Medium Cap Index,2025-12,2025Q4,-0.9145576079790496
2025-12-07,4227.46,4238.1,4215.58,4222.59,546315835.47,57445,Tadawul Medium Cap Index,2025-12,2025Q4,-0.014207269859978222
2025-12-04,4204.33,4244.49,4201.38,4219.35,1228199589.19,117049,Tadawul Medium Cap Index,2025-12,2025Q4,-0.07673015850461207
2025-12-03,4179.2,4199.99,4168.24,4198.4,958902650.52,103585,Tadawul Medium Cap Index,2025-12,2025Q4,-0.49652197613377913
2025-12-02,4199.58,4215.12,4172.39,4177.88,1058317933.75,111831,Tadawul Medium Cap Index,2025-12,2025Q4,-0.488757621951208
2025-12-01,4211.67,4225.33,4183.92,4203.78,1112140723.95,116996,Tadawul Medium Cap Index,2025-12,2025Q4,0.6199316399704946
2025-11-30,4252.99,4266.3,4213.93,4213.96,597291534.52,73942,Tadawul Medium Cap Index,2025-11,2025Q4,0.24216300567585503
2025-11-27,4246.43,4265.65,4231.9,4248.77,1177134862.8,110780,Tadawul Medium Cap Index,2025-11,2025Q4,0.8260638449344659
2025-11-26,4260.55,4264.67,4221.26,4243.98,2330167367.41,131819,Tadawul Medium Cap Index,2025-11,2025Q4,-0.11273851020414671
2025-11-25,4332.55,4348.75,4271.66,4271.66,1105114419.39,110876,Tadawul Medium Cap Index,2025-11,2025Q4,0.6522179652119098
2025-11-24,4382.69,4384.95,4340.36,4340.36,2508821096.92,123392,Tadawul Medium Cap Index,2025-11,2025Q4,1.6082740667562545
2025-11-23,4401.89,4411.33,4388.67,4391.89,511988009.91,57058,Tadawul Medium Cap Index,2025-11,2025Q4,1.187228709139343
2025-11-20,4392.38,4404.98,4377.91,4398.85,950920360.98,101063,Tadawul Medium Cap Index,2025-11,2025Q4,0.1584739144195435
2025-11-19,4443.75,4457.79,4389.33,4389.87,952105393.09,108683,Tadawul Medium Cap Index,2025-11,2025Q4,-0.20414426497835647
2025-11-18,4407.12,4443.32,4396.4,4438.88,993483569.43,135605,Tadawul Medium Cap Index,2025-11,2025Q4,1.1164339718488403
2025-11-17,4436.58,4458.66,4403.91,4418.15,1065716486.39,119684,Tadawul Medium Cap Index,2025-11,2025Q4,-0.4670096961395753
2025-11-16,4489.2,4492.87,4444.66,4449.39,589819038.43,67980,Tadawul Medium Cap Index,2025-11,2025Q4,0.7070832814639827
2025-11-13,4515.34,4530.04,4501.24,4501.24,1046533865.77,125112,Tadawul Medium Cap Index,2025-11,2025Q4,1.1653282809553467
2025-11-12,4520.05,4547.96,4514.95,4521.78,1528940360.45,125856,Tadawul Medium Cap Index,2025-11,2025Q4,0.45631870329065904
2025-11-11,4521.23,4527.55,4499.56,4520.36,1089719493.17,122029,Tadawul Medium Cap Index,2025-11,2025Q4,-0.03140356231395858
2025-11-10,4511.99,4523.37,4506.37,4517.26,1132605005.6,130841,Tadawul Medium Cap Index,2025-11,2025Q4,-0.06857860878335398
2025-11-09,4534.82,4537.38,4495.47,4515.35,799621525.36,85365,Tadawul Medium Cap Index,2025-11,2025Q4,-0.04228226845476302
2025-11-06,4518.09,4557.12,4516.25,4549.22,1291235445.53,140597,Tadawul Medium Cap Index,2025-11,2025Q4,0.7501079650525488
2025-11-05,4582.85,4585.03,4515.85,4515.85,1544310724.48,166326,Tadawul Medium Cap Index,2025-11,2025Q4,-0.7335323418080408
2025-11-04,4642.81,4652.71,4597.55,4597.99,1745462335.04,151885,Tadawul Medium Cap Index,2025-11,2025Q4,1.8189266693977801
2025-11-03,4678.63,4681.12,4630.77,4638.36,1917458457.45,170207,Tadawul Medium Cap Index,2025-11,2025Q4,0.8779923401312395
2025-11-02,4702.26,4707.3,4673.73,4673.73,808927186.64,80142,Tadawul Medium Cap Index,2025-11,2025Q4,0.7625540061573455
2025-10-30,4720.86,4746.29,4699.98,4711.26,2294533856.86,170433,Tadawul Medium Cap Index,2025-10,2025Q4,0.8029988895379203
2025-10-29,4692.49,4723.62,4691.29,4723.62,1623695169.17,130149,Tadawul Medium Cap Index,2025-10,2025Q4,0.26235019930973547
2025-10-28,4671.62,4704.77,4669.7,4694.5,1408297100.46,117034,Tadawul Medium Cap Index,2025-10,2025Q4,-0.6164763465308365
2025-10-27,4660.93,4687.58,4660.67,4663.03,1508442896.75,118894,Tadawul Medium Cap Index,2025-10,2025Q4,-0.6703589306635505
2025-10-26,4657.28,4674.31,4654.37,4654.37,811551514.79,63139,Tadawul Medium Cap Index,2025-10,2025Q4,-0.18571615451755674
2025-10-23,4641.0,4653.15,4631.16,4649.92,1258268851.3,112177,Tadawul Medium Cap Index,2025-10,2025Q4,-0.09560907276386921
2025-10-22,4667.58,4669.11,4631.12,4631.12,1169906039.28,110057,Tadawul Medium Cap Index,2025-10,2025Q4,-0.4043080311059155
2025-10-21,4736.22,4737.45,4673.52,4679.46,1371681883.58,120011,Tadawul Medium Cap Index,2025-10,2025Q4,1.043807977335942
2025-10-20,4762.82,4769.83,4732.94,4739.62,1403740273.74,107637,Tadawul Medium Cap Index,2025-10,2025Q4,1.2856184260576997
2025-10-19,4765.89,4781.46,4759.16,4760.83,1021907721.97,73238,Tadawul Medium Cap Index,2025-10,2025Q4,0.44750423029693565
2025-10-16,4780.29,4786.54,4755.39,4760.14,1458109254.07,115112,Tadawul Medium Cap Index,2025-10,2025Q4,-0.014493271131288399
2025-10-15,4758.48,4780.91,4757.0,4778.03,1629663524.84,122852,Tadawul Medium Cap Index,2025-10,2025Q4,0.3758292823320186
2025-10-14,4763.89,4774.92,4752.09,4758.1,1489237047.36,111880,Tadawul Medium Cap Index,2025-10,2025Q4,-0.41711751495907556
2025-10-13,4740.84,4775.07,4738.3,4761.31,1476469782.08,108417,Tadawul Medium Cap Index,2025-10,2025Q4,0.06746390365901522
2025-10-12,4658.3,4744.57,4636.36,4733.62,1095639040.43,80402,Tadawul Medium Cap Index,2025-10,2025Q4,-0.581562637173394
2025-10-09,4719.32,4744.31,4715.19,4740.98,1235224692.93,112226,Tadawul Medium Cap Index,2025-10,2025Q4,0.1554835411376354
2025-10-08,4749.21,4751.28,4712.28,4720.21,1223954667.37,107353,Tadawul Medium Cap Index,2025-10,2025Q4,-0.43809507738905573
2025-10-07,4770.44,4771.28,4742.22,4750.42,1449363790.03,135039,Tadawul Medium Cap Index,2025-10,2025Q4,0.6400138976867531
2025-10-06,4721.96,4773.67,4721.8,4760.02,1476699273.84,121749,Tadawul Medium Cap Index,2025-10,2025Q4,0.20208739437777012
2025-10-05,4711.63,4738.96,4711.63,4723.67,969231798.81,92031,Tadawul Medium Cap Index,2025-10,2025Q4,-0.7636522535619639
2025-10-02,4729.07,4729.61,4691.83,4703.38,1513398981.45,119470,Tadawul Medium Cap Index,2025-10,2025Q4,-0.4295388966629732
2025-10-01,4698.37,4726.05,4693.5,4715.37,1599152123.68,137945,Tadawul Medium Cap Index,2025-10,2025Q4,0.2549230553346771
2025-09-30,4666.4,4717.71,4661.76,4687.56,1942054717.06,160643,Tadawul Medium Cap Index,2025-09,2025Q3,-0.589773443017183
2025-09-29,4613.66,4664.3,4597.72,4656.85,1965270701.39,155625,Tadawul Medium Cap Index,2025-09,2025Q3,-0.6551382808966721
2025-09-28,4607.98,4635.18,4603.02,4608.45,1158113289.47,98641,Tadawul Medium Cap Index,2025-09,2025Q3,-1.0393291602692978
2025-09-25,4671.34,4675.92,4555.26,4615.09,3390150129.89,257861,Tadawul Medium Cap Index,2025-09,2025Q3,0.14408315160194807
2025-09-24,4519.17,4674.77,4489.72,4662.92,4446306265.25,338178,Tadawul Medium Cap Index,2025-09,2025Q3,1.036382822436832
2025-09-22,4379.81,4415.37,4368.97,4415.37,1397562857.4,176246,Tadawul Medium Cap Index,2025-09,2025Q3,-5.308905149562937
2025-09-21,4377.98,4399.72,4358.71,4381.29,1090896281.68,116520,Tadawul Medium Cap Index,2025-09,2025Q3,-0.7718492447971514
2025-09-18,4332.95,4374.03,4320.87,4374.03,3321977207.97,161135,Tadawul Medium Cap Index,2025-09,2025Q3,-0.16570462124169127
2025-09-17,4295.98,4324.76,4290.37,4324.76,1205950010.37,149873,Tadawul Medium Cap Index,2025-09,2025Q3,-1.1264211722370354
2025-09-16,4255.84,4286.3,4250.94,4286.3,1139519376.76,131217,Tadawul Medium Cap Index,2025-09,2025Q3,-0.8892979032362525
2025-09-15,4240.8,4259.58,4230.59,4254.01,1039537675.49,132174,Tadawul Medium Cap Index,2025-09,2025Q3,-0.7533303781816492
2025-09-14,4244.17,4251.65,4205.12,4244.99,695076192.67,85242,Tadawul Medium Cap Index,2025-09,2025Q3,-0.21203523263932933
2025-09-11,4279.17,4283.65,4243.31,4249.26,984279040.99,116807,Tadawul Medium Cap Index,2025-09,2025Q3,0.10058916510993221
2025-09-10,4276.63,4276.81,4256.06,4275.66,923548247.15,122330,Tadawul Medium Cap Index,2025-09,2025Q3,0.6212846472091416
2025-09-09,4274.44,4285.71,4229.06,4285.71,1233406565.63,160876,Tadawul Medium Cap Index,2025-09,2025Q3,0.23505143065631895
2025-09-08,4300.36,4311.6,4261.04,4270.55,1073981417.04,119557,Tadawul Medium Cap Index,2025-09,2025Q3,-0.3537336870670149
2025-09-07,4331.73,4338.32,4299.38,4301.58,515434598.17,67051,Tadawul Medium Cap Index,2025-09,2025Q3,0.7266043015536683
2025-09-04,4332.58,4354.93,4321.45,4328.13,797695723.7,102736,Tadawul Medium Cap Index,2025-09,2025Q3,0.6172150698115608
2025-09-03,4333.7,4364.65,4331.73,4335.74,1011806897.49,110231,Tadawul Medium Cap Index,2025-09,2025Q3,0.17582651168055463
2025-09-02,4371.22,4372.4,4334.57,4342.16,1085547413.72,114387,Tadawul Medium Cap Index,2025-09,2025Q3,0.14807160945997655
2025-09-01,4383.43,4391.37,4358.4,4371.4,1340232683.15,144140,Tadawul Medium Cap Index,2025-09,2025Q3,0.6733975717154506
2025-08-31,4422.61,4424.29,4373.27,4385.93,1224442296.09,80143,Tadawul Medium Cap Index,2025-08,2025Q3,0.33238779338429225
2025-08-28,4446.26,4452.33,4418.79,4418.79,1264749508.02,129415,Tadawul Medium Cap Index,2025-08,2025Q3,0.749213963743145
2025-08-27,4477.32,4477.32,4448.8,4449.97,1241236522.06,126542,Tadawul Medium Cap Index,2025-08,2025Q3,0.7056230325496404
2025-08-26,4465.85,4475.65,4456.69,4475.65,2868283932.77,165513,Tadawul Medium Cap Index,2025-08,2025Q3,0.5770825421294923
2025-08-25,4457.67,4474.89,4457.58,4468.49,1319647169.87,148051,Tadawul Medium Cap Index,2025-08,2025Q3,-0.1599767631517146
2025-08-24,4468.07,4488.89,4459.74,4459.74,1231593943.56,125700,Tadawul Medium Cap Index,2025-08,2025Q3,-0.195815588711179
2025-08-21,4454.79,4463.98,4446.07,4447.68,1557597007.26,163004,Tadawul Medium Cap Index,2025-08,2025Q3,-0.2704193518007658
2025-08-20,4431.34,4469.38,4430.74,4457.25,1285815667.09,146253,Tadawul Medium Cap Index,2025-08,2025Q3,0.2151683574357799
2025-08-19,4433.94,4444.58,4419.78,4437.99,1084131075.57,115519,Tadawul Medium Cap Index,2025-08,2025Q3,-0.4321049974760238
2025-08-18,4440.49,4443.04,4423.73,4438.94,1072452653.26,110182,Tadawul Medium Cap Index,2025-08,2025Q3,0.02140608698981694
2025-08-17,4406.19,4441.14,4402.26,4441.14,758638111.97,69553,Tadawul Medium Cap Index,2025-08,2025Q3,0.049561381771345836
2025-08-14,4379.92,4400.45,4372.28,4399.51,1254588787.74,125532,Tadawul Medium Cap Index,2025-08,2025Q3,-0.9373719360344479
2025-08-13,4397.68,4405.93,4376.45,4381.19,1071153430.91,113996,Tadawul Medium Cap Index,2025-08,2025Q3,-0.4164100092965084
2025-08-12,4386.24,4401.26,4372.48,4390.12,1044368184.54,117288,Tadawul Medium Cap Index,2025-08,2025Q3,0.20382590118210864
2025-08-11,4436.28,4436.52,4390.15,4390.15,1043753476.4,133071,Tadawul Medium Cap Index,2025-08,2025Q3,0.0006833526190463957
2025-08-10,4454.64,4457.85,4436.71,4444.3,603893335.22,68057,Tadawul Medium Cap Index,2025-08,2025Q3,1.2334430486429904
2025-08-07,4460.04,4465.74,4450.81,4465.74,1063035941.67,113019,Tadawul Medium Cap Index,2025-08,2025Q3,0.48241567850955125
2025-08-06,4463.95,4473.18,4448.63,4469.06,1155971875.3,121889,Tadawul Medium Cap Index,2025-08,2025Q3,0.07434378176967016
2025-08-05,4422.11,4468.68,4409.99,4468.68,1371616166.93,129751,Tadawul Medium Cap Index,2025-08,2025Q3,-0.008502906651508546
2025-08-04,4413.97,4425.31,4380.17,4421.57,1118456397.81,119994,Tadawul Medium Cap Index,2025-08,2025Q3,-1.0542263039644895
2025-08-03,4434.5,4434.5,4383.4,4425.01,820489006.32,84903,Tadawul Medium Cap Index,2025-08,2025Q3,0.0778004193080939
2025-07-31,4450.16,4456.79,4430.13,4456.22,1135004387.98,136585,Tadawul Medium Cap Index,2025-07,2025Q3,0.705309140544319
2025-07-30,4425.56,4459.36,4406.29,4459.36,1060063925.07,112539,Tadawul Medium Cap Index,2025-07,2025Q3,0.07046330746685037
2025-07-29,4445.94,4445.95,4406.34,4423.38,1010686938.95,117647,Tadawul Medium Cap Index,2025-07,2025Q3,-0.8068422374510997
2025-07-28,4475.15,4479.41,4439.38,4439.38,1056312641.47,124757,Tadawul Medium Cap Index,2025-07,2025Q3,0.3617143451387861
2025-07-27,4480.28,4501.06,4479.02,4486.89,816540924.96,79193,Tadawul Medium Cap Index,2025-07,2025Q3,1.070194486617515
2025-07-24,4480.64,4492.42,4451.36,4474.76,1017739294.1,113258,Tadawul Medium Cap Index,2025-07,2025Q3,-0.27034315528128294
2025-07-23,4402.09,4476.17,4390.71,4476.17,1031947361.68,112935,Tadawul Medium Cap Index,2025-07,2025Q3,0.03151006981378934
2025-07-22,4464.6,4465.4,4397.45,4402.08,1303296052.42,127487,Tadawul Medium Cap Index,2025-07,2025Q3,-1.6552096993635246
2025-07-21,4477.14,4479.27,4441.41,4456.76,1014358453.72,128146,Tadawul Medium Cap Index,2025-07,2025Q3,1.2421400792352877
2025-07-20,4507.23,4532.48,4470.84,4474.87,656427720.34,78608,Tadawul Medium Cap Index,2025-07,2025Q3,0.4063490069018627
2025-07-17,4495.91,4514.2,4491.37,4502.36,1146565853.41,134946,Tadawul Medium Cap Index,2025-07,2025Q3,0.6143195221313569
2025-07-16,4526.15,4538.19,4496.55,4497.5,1210332591.16,137137,Tadawul Medium Cap Index,2025-07,2025Q3,-0.10794338968895811
2025-07-15,4572.79,4576.19,4519.48,4526.45,1217457186.88,123471,Tadawul Medium Cap Index,2025-07,2025Q3,0.6436909394107904
2025-07-14,4599.01,4600.42,4556.19,4575.54,1258934598.12,140371,Tadawul Medium Cap Index,2025-07,2025Q3,1.0845143545162417
2025-07-13,4612.86,4628.62,4597.35,4603.69,816412055.36,76632,Tadawul Medium Cap Index,2025-07,2025Q3,0.6152279293810015
2025-07-10,4612.79,4621.1,4598.64,4612.02,1325490425.29,126920,Tadawul Medium Cap Index,2025-07,2025Q3,0.18094180972221263
2025-07-09,4607.05,4614.91,4584.18,4614.91,1899885402.62,157731,Tadawul Medium Cap Index,2025-07,2025Q3,0.06266234751799438
2025-07-08,4615.99,4619.0,4588.44,4597.02,1424783393.26,151291,Tadawul Medium Cap Index,2025-07,2025Q3,-0.3876565306798918
2025-07-07,4599.58,4623.91,4590.22,4618.44,1223815182.42,125668,Tadawul Medium Cap Index,2025-07,2025Q3,0.46595403108968814
2025-07-06,4571.84,4599.52,4563.3,4596.19,812341951.87,70102,Tadawul Medium Cap Index,2025-07,2025Q3,-0.4817644052970249
2025-07-03,4547.98,4572.26,4547.88,4572.26,1315327101.1,130706,Tadawul Medium Cap Index,2025-07,2025Q3,-0.5206486241865371
2025-07-02,4555.57,4557.4,4533.48,4546.16,1355656011.22,128534,Tadawul Medium Cap Index,2025-07,2025Q3,-0.5708336796245272
2025-07-01,4578.79,4584.09,4546.47,4552.43,1117630140.06,115537,Tadawul Medium Cap Index,2025-07,2025Q3,0.13791859503407
2025-06-30,4601.5,4622.87,4579.64,4579.64,1631917532.03,176508,Tadawul Medium Cap Index,2025-06,2025Q2,0.5977027653363054
2025-06-29,4557.72,4606.96,4552.96,4606.96,1220062662.92,102693,Tadawul Medium Cap Index,2025-06,2025Q2,0.5965534408818085
2025-06-26,4495.42,4536.12,4480.46,4536.12,1531968098.72,142687,Tadawul Medium Cap Index,2025-06,2025Q2,-1.5376734332401387
2025-06-25,4486.28,4497.19,4461.06,4490.16,1310205406.74,145944,Tadawul Medium Cap Index,2025-06,2025Q2,-1.0132007089759587
2025-06-24,4417.08,4472.87,4414.4,4472.87,2228777799.89,189756,Tadawul Medium Cap Index,2025-06,2025Q2,-0.3850642293370399
2025-06-23,4277.7,4344.35,4277.7,4342.69,1101432818.08,140455,Tadawul Medium Cap Index,2025-06,2025Q2,-2.910435581628801
2025-06-22,4288.02,4341.5,4275.03,4275.7,858710428.78,110245,Tadawul Medium Cap Index,2025-06,2025Q2,-1.542592264241749
2025-06-19,4262.6,4298.02,4239.17,4288.3,1872771532.26,161557,Tadawul Medium Cap Index,2025-06,2025Q2,0.29468858900298933
2025-06-18,4312.21,4316.06,4253.96,4257.98,1293537330.89,172855,Tadawul Medium Cap Index,2025-06,2025Q2,-0.7070400858149029
2025-06-17,4363.67,4392.68,4327.32,4327.32,1460873459.79,206298,Tadawul Medium Cap Index,2025-06,2025Q2,1.6284717166355822
2025-06-16,4324.1,4399.81,4322.72,4376.54,1422267617.89,183357,Tadawul Medium Cap Index,2025-06,2025Q2,1.1374245491435842
2025-06-15,4155.19,4342.48,4154.5,4308.56,1289566247.08,142464,Tadawul Medium Cap Index,2025-06,2025Q2,-1.553281816229246
2025-06-12,4438.65,4438.79,4361.74,4367.66,1598174124.08,216433,Tadawul Medium Cap Index,2025-06,2025Q2,1.3716879885622868
2025-06-11,4499.55,4524.61,4451.42,4457.51,1648924868.14,187955,Tadawul Medium Cap Index,2025-06,2025Q2,2.057165621866175
2025-06-04,4422.89,4477.73,4422.39,4470.75,1302420964.65,157984,Tadawul Medium Cap Index,2025-06,2025Q2,0.2970268154193656
2025-06-03,4402.09,4424.06,4392.99,4410.63,1066201767.0,143680,Tadawul Medium Cap Index,2025-06,2025Q2,-1.344740815299439
2025-06-02,4398.57,4407.63,4385.66,4397.57,1095214415.72,156096,Tadawul Medium Cap Index,2025-06,2025Q2,-0.29610282431309365
2025-06-01,4468.31,4468.36,4383.65,4394.3,1794645101.67,86003,Tadawul Medium Cap Index,2025-06,2025Q2,-0.07435924840308861
2025-05-29,4474.6,4486.23,4440.76,4469.94,4207624724.64,162010,Tadawul Medium Cap Index,2025-05,2025Q2,1.7213208019479564
2025-05-28,4408.93,4471.76,4407.7,4459.03,1282314306.82,142564,Tadawul Medium Cap Index,2025-05,2025Q2,-0.2440748645395674
2025-05-27,4487.1,4487.21,4392.15,4402.73,1359581652.5,155641,Tadawul Medium Cap Index,2025-05,2025Q2,-1.2626064413112315
2025-05-26,4486.87,4492.77,4441.48,4480.74,1261217434.11,140032,Tadawul Medium Cap Index,2025-05,2025Q2,1.771855189848126
2025-05-25,4526.68,4528.9,4471.95,4473.25,736275539.0,85592,Tadawul Medium Cap Index,2025-05,2025Q2,-0.16715988876836452
2025-05-22,4532.71,4537.44,4514.04,4527.34,1254990428.64,147132,Tadawul Medium Cap Index,2025-05,2025Q2,1.2091879505952141
2025-05-21,4573.39,4585.01,4540.98,4540.98,1114343340.91,136153,Tadawul Medium Cap Index,2025-05,2025Q2,0.3012806637009646
2025-05-20,4548.36,4585.22,4539.56,4573.74,1403755756.56,161983,Tadawul Medium Cap Index,2025-05,2025Q2,0.7214301758651231
2025-05-19,4587.52,4594.37,4544.3,4555.15,1240065307.96,154510,Tadawul Medium Cap Index,2025-05,2025Q2,-0.4064507383454319
2025-05-18,4613.36,4624.12,4588.87,4592.95,760632515.77,105754,Tadawul Medium Cap Index,2025-05,2025Q2,0.8298299726682945
2025-05-15,4621.79,4627.65,4600.26,4607.33,1314537894.48,141338,Tadawul Medium Cap Index,2025-05,2025Q2,0.31308853786782276
2025-05-14,4665.55,4667.65,4625.75,4625.75,1605388761.92,157284,Tadawul Medium Cap Index,2025-05,2025Q2,0.39979771364326844
2025-05-13,4652.18,4662.88,4637.02,4662.88,1568704857.37,184339,Tadawul Medium Cap Index,2025-05,2025Q2,0.8026806463816705
2025-05-12,4605.85,4654.47,4605.05,4646.7,1790281672.93,187825,Tadawul Medium Cap Index,2025-05,2025Q2,-0.3469958480595725
2025-05-11,4610.08,4621.4,4583.72,4590.76,1003705994.48,119548,Tadawul Medium Cap Index,2025-05,2025Q2,-1.2038651085716667
2025-05-08,4646.24,4650.51,4596.5,4600.45,1446635176.54,194202,Tadawul Medium Cap Index,2025-05,2025Q2,0.2110761616812784
2025-05-07,4630.98,4644.09,4614.55,4641.84,1748074854.85,167230,Tadawul Medium Cap Index,2025-05,2025Q2,0.8996945950939583
2025-05-06,4635.9,4658.31,4622.2,4632.89,1249327570.8,159437,Tadawul Medium Cap Index,2025-05,2025Q2,-0.1928114713130924
2025-05-05,4630.18,4656.43,4601.41,4640.49,1578762534.02,180392,Tadawul Medium Cap Index,2025-05,2025Q2,0.16404447332010186
2025-05-04,4672.03,4683.83,4634.27,4637.13,987565918.94,120258,Tadawul Medium Cap Index,2025-05,2025Q2,-0.07240614676466972
2025-05-01,4721.36,4722.36,4659.31,4677.9,1602442421.09,181997,Tadawul Medium Cap Index,2025-05,2025Q2,0.8792076133297799
2025-04-30,4751.82,4755.38,4700.23,4717.09,1955127043.38,183196,Tadawul Medium Cap Index,2025-04,2025Q2,0.8377690844182384
2025-04-29,4775.05,4787.35,4752.18,4752.18,1964680537.57,188276,Tadawul Medium Cap Index,2025-04,2025Q2,0.7438908309996162
2025-04-28,4753.66,4771.05,4735.2,4771.05,2138644762.48,202125,Tadawul Medium Cap Index,2025-04,2025Q2,0.39708091865207074
2025-04-27,4762.93,4769.55,4741.27,4749.29,1257898166.59,138614,Tadawul Medium Cap Index,2025-04,2025Q2,-0.4560840905041941
2025-04-24,4718.86,4757.09,4716.15,4755.98,1859129026.93,158103,Tadawul Medium Cap Index,2025-04,2025Q2,0.1408631605987365
2025-04-23,4708.49,4727.26,4694.22,4715.68,1532333232.97,150450,Tadawul Medium Cap Index,2025-04,2025Q2,-0.8473542781929133
2025-04-22,4661.18,4700.26,4656.82,4681.84,1442101722.66,166948,Tadawul Medium Cap Index,2025-04,2025Q2,-0.717605944423716
2025-04-21,4724.84,4727.71,4674.01,4675.9,1104578974.2,129987,Tadawul Medium Cap Index,2025-04,2025Q2,-0.1268731951540536
2025-04-20,4679.34,4717.76,4679.0,4717.08,1143735254.29,124458,Tadawul Medium Cap Index,2025-04,2025Q2,0.8806860711306985
2025-04-17,4665.79,4676.99,4648.71,4672.63,1418533452.28,193150,Tadawul Medium Cap Index,2025-04,2025Q2,-0.9423202489675764
2025-04-16,4687.89,4700.79,4664.07,4686.22,1675023666.55,187660,Tadawul Medium Cap Index,2025-04,2025Q2,0.29084263038161584
2025-04-15,4690.55,4708.49,4682.45,4692.27,1729605598.92,204384,Tadawul Medium Cap Index,2025-04,2025Q2,0.12910192009765176
2025-04-14,4666.18,4687.44,4649.42,4681.16,1995826620.57,207552,Tadawul Medium Cap Index,2025-04,2025Q2,-0.23677239374546577
2025-04-13,4620.75,4667.55,4620.75,4653.77,1308037759.65,133946,Tadawul Medium Cap Index,2025-04,2025Q2,-0.5851113826487286
2025-04-10,4630.02,4630.45,4552.57,4592.3,2476304650.82,218345,Tadawul Medium Cap Index,2025-04,2025Q2,-1.3208645893544424
2025-04-09,4509.27,4541.14,4409.74,4415.73,2164957994.23,226587,Tadawul Medium Cap Index,2025-04,2025Q2,-3.8449143130893204
2025-04-08,4539.61,4605.73,4519.48,4528.84,2456206270.07,231028,Tadawul Medium Cap Index,2025-04,2025Q2,2.5615243685642053
2025-04-07,4324.82,4487.03,4202.97,4472.35,3394751962.63,307595,Tadawul Medium Cap Index,2025-04,2025Q2,-1.2473392745162015
2025-04-06,4522.67,4551.19,4424.97,4424.97,2614159455.49,256113,Tadawul Medium Cap Index,2025-04,2025Q2,-1.0593983029056342
2025-04-03,4743.52,4818.09,4739.6,4776.7,1306174617.56,166676,Tadawul Medium Cap Index,2025-04,2025Q2,7.948754454832452
2025-03-27,4809.62,4851.19,4806.13,4831.76,1537679091.92,156337,Tadawul Medium Cap Index,2025-03,2025Q1,1.1526786275043444
2025-03-26,4723.5,4812.08,4723.34,4809.76,1667258506.08,160617,Tadawul Medium Cap Index,2025-03,2025Q1,-0.455320628508038
2025-03-25,4764.61,4764.61,4718.31,4718.49,1172883515.18,135118,Tadawul Medium Cap Index,2025-03,2025Q1,-1.8975998802435168
2025-03-24,4718.37,4763.3,4705.1,4745.12,1173167826.17,130406,Tadawul Medium Cap Index,2025-03,2025Q1,0.5643754675754398
2025-03-23,4742.53,4755.08,4721.17,4721.17,705886055.97,88449,Tadawul Medium Cap Index,2025-03,2025Q1,-0.5047290690224915
2025-03-20,4753.88,4760.94,4728.99,4753.25,1627772070.66,140326,Tadawul Medium Cap Index,2025-03,2025Q1,0.6794925834062271
2025-03-19,4759.79,4760.2,4727.28,4748.06,1358929763.5,152946,Tadawul Medium Cap Index,2025-03,2025Q1,-0.10918845000787991
2025-03-18,4794.91,4800.7,4755.33,4767.09,1270638963.54,152693,Tadawul Medium Cap Index,2025-03,2025Q1,0.40079527217431465
2025-03-17,4809.21,4828.32,4787.03,4798.73,1338206238.71,144894,Tadawul Medium Cap Index,2025-03,2025Q1,0.6637172782556933
2025-03-16,4738.13,4809.33,4724.76,4792.41,1198889659.75,100579,Tadawul Medium Cap Index,2025-03,2025Q1,-0.13170151269189523
2025-03-13,4720.28,4745.07,4708.77,4736.46,1393132375.5,135552,Tadawul Medium Cap Index,2025-03,2025Q1,-1.1674710636193408
2025-03-12,4721.61,4728.94,4692.35,4722.99,1687499430.3,152410,Tadawul Medium Cap Index,2025-03,2025Q1,-0.28438960742833697
2025-03-11,4682.7,4727.61,4623.27,4713.56,1796079475.58,170045,Tadawul Medium Cap Index,2025-03,2025Q1,-0.1996616550108965
2025-03-10,4761.65,4762.2,4707.1,4707.86,1450040871.28,139620,Tadawul Medium Cap Index,2025-03,2025Q1,-0.12092770644694939
2025-03-09,4740.89,4767.93,4706.98,4761.95,1140839073.51,102563,Tadawul Medium Cap Index,2025-03,2025Q1,1.148929662309417
2025-03-06,4805.58,4807.86,4696.85,4738.74,1825702229.76,162681,Tadawul Medium Cap Index,2025-03,2025Q1,-0.4874053696489855
2025-03-05,4837.06,4860.25,4798.32,4810.91,1561141884.6,115802,Tadawul Medium Cap Index,2025-03,2025Q1,1.5229786820969204
2025-03-04,4877.03,4884.84,4830.34,4833.15,1989911146.23,163143,Tadawul Medium Cap Index,2025-03,2025Q1,0.4622826034991201
2025-03-03,4857.58,4897.3,4837.72,4890.26,2139191748.52,164717,Tadawul Medium Cap Index,2025-03,2025Q1,1.1816310273838004
2025-03-02,4901.9,4912.17,4842.56,4860.29,1043397810.97,84646,Tadawul Medium Cap Index,2025-03,2025Q1,-0.612850850466029
2025-02-27,4947.48,4947.58,4896.55,4896.55,2605830870.3,128307,Tadawul Medium Cap Index,2025-02,2025Q1,0.7460460178302153
2025-02-26,4980.46,4981.9,4930.35,4941.74,1191829785.9,95659,Tadawul Medium Cap Index,2025-02,2025Q1,0.9228946911600922
2025-02-25,4983.85,4984.68,4952.06,4979.55,1304555912.51,102387,Tadawul Medium Cap Index,2025-02,2025Q1,0.7651151213944996
2025-02-24,5006.96,5025.98,4982.73,4988.78,1866747287.95,134217,Tadawul Medium Cap Index,2025-02,2025Q1,0.18535811468907148
2025-02-20,4973.96,5013.58,4969.58,5013.58,1695995214.29,111335,Tadawul Medium Cap Index,2025-02,2025Q1,0.49711552724314156
2025-02-19,4974.33,4988.37,4957.59,4981.73,1797364490.51,115082,Tadawul Medium Cap Index,2025-02,2025Q1,-0.6352745942021509
2025-02-18,4953.95,4983.99,4947.84,4982.36,1502078081.21,103698,Tadawul Medium Cap Index,2025-02,2025Q1,0.012646209248590168
2025-02-17,4992.2,4993.52,4950.21,4955.04,1381881614.2,116220,Tadawul Medium Cap Index,2025-02,2025Q1,-0.5483345242013771
2025-02-16,5017.62,5050.19,4991.4,4995.22,964154148.83,70758,Tadawul Medium Cap Index,2025-02,2025Q1,0.8108915366979996
2025-02-13,5023.53,5026.89,5003.75,5015.71,1128656514.93,91388,Tadawul Medium Cap Index,2025-02,2025Q1,0.4101921436893585
2025-02-12,5064.76,5065.23,5026.05,5031.94,1374828233.38,104802,Tadawul Medium Cap Index,2025-02,2025Q1,0.323583301267405
2025-02-11,5050.14,5067.62,5039.09,5064.4,1408162003.73,97827,Tadawul Medium Cap Index,2025-02,2025Q1,0.6450792338541511
2025-02-10,5028.38,5062.01,5026.25,5054.02,1536940334.96,111458,Tadawul Medium Cap Index,2025-02,2025Q1,-0.2049601137350754
2025-02-09,5032.17,5043.0,5023.04,5035.76,1062711072.92,75941,Tadawul Medium Cap Index,2025-02,2025Q1,-0.3612965520516376
2025-02-06,5002.39,5026.83,4990.49,5026.17,1718395922.18,109356,Tadawul Medium Cap Index,2025-02,2025Q1,-0.19043798751330332
2025-02-05,5003.75,5012.79,4996.02,5000.03,1616501557.52,120556,Tadawul Medium Cap Index,2025-02,2025Q1,-0.5200779122075172
2025-02-04,5001.94,5013.4,4998.52,5012.37,1227642278.68,102998,Tadawul Medium Cap Index,2025-02,2025Q1,0.24679851920887952
2025-02-03,5022.49,5022.49,4979.66,5003.33,1573928422.04,125384,Tadawul Medium Cap Index,2025-02,2025Q1,-0.18035380468720552
2025-02-02,5047.6,5058.33,5024.27,5033.59,933711088.34,76122,Tadawul Medium Cap Index,2025-02,2025Q1,0.6047972050614359
2025-01-30,5038.46,5053.87,5021.91,5042.34,1322839663.93,108349,Tadawul Medium Cap Index,2025-01,2025Q1,0.17383219531188487
2025-01-29,5085.14,5104.09,5024.91,5037.36,1902642319.7,136550,Tadawul Medium Cap Index,2025-01,2025Q1,-0.09876366924881363
2025-01-28,5062.34,5114.31,5054.29,5080.33,2775961886.87,150356,Tadawul Medium Cap Index,2025-01,2025Q1,0.8530261883208823
2025-01-27,5026.54,5080.82,5024.29,5053.57,2215723205.43,125326,Tadawul Medium Cap Index,2025-01,2025Q1,-0.5267374363476462
2025-01-26,5013.36,5033.29,5006.27,5023.76,961196877.73,70034,Tadawul Medium Cap Index,2025-01,2025Q1,-0.5898800254077741
2025-01-23,5019.77,5020.41,4996.15,5002.16,1329795212.89,106559,Tadawul Medium Cap Index,2025-01,2025Q1,-0.4299568450722213
2025-01-22,5027.15,5041.09,5006.86,5016.72,1681770781.01,116433,Tadawul Medium Cap Index,2025-01,2025Q1,0.291074255921453
2025-01-21,5005.45,5023.04,4986.04,5017.63,1504298669.27,99230,Tadawul Medium Cap Index,2025-01,2025Q1,0.01813934204022427
2025-01-20,4981.52,5006.17,4976.02,5004.15,1416741034.24,106577,Tadawul Medium Cap Index,2025-01,2025Q1,-0.26865273047236293
2025-01-19,4940.96,4978.29,4939.61,4975.08,1020055673.52,83665,Tadawul Medium Cap Index,2025-01,2025Q1,-0.5809178381942948
2025-01-16,4930.64,4948.44,4923.52,4937.31,1195584401.26,94643,Tadawul Medium Cap Index,2025-01,2025Q1,-0.7591837719192362
2025-01-15,4909.34,4933.66,4906.65,4928.57,1490978367.9,116240,Tadawul Medium Cap Index,2025-01,2025Q1,-0.17701947011633523
2025-01-14,4879.01,4908.14,4868.25,4908.14,1405060198.91,106924,Tadawul Medium Cap Index,2025-01,2025Q1,-0.4145218592816913
2025-01-13,4881.41,4892.91,4867.48,4876.35,1562611682.88,129093,Tadawul Medium Cap Index,2025-01,2025Q1,-0.6476995358730586
2025-01-12,4862.25,4884.53,4857.85,4884.53,796824474.53,65784,Tadawul Medium Cap Index,2025-01,2025Q1,0.16774841838669285
2025-01-09,4855.47,4864.28,4819.07,4858.75,1491345835.68,119182,Tadawul Medium Cap Index,2025-01,2025Q1,-0.527788753472691
2025-01-08,4881.87,4892.78,4851.72,4852.43,1602795653.78,133983,Tadawul Medium Cap Index,2025-01,2025Q1,-0.13007460766657486
2025-01-07,4852.46,4882.19,4843.58,4882.19,1507950868.52,105601,Tadawul Medium Cap Index,2025-01,2025Q1,0.6133009646712928
2025-01-06,4842.13,4858.31,4825.05,4851.08,1631653892.76,127894,Tadawul Medium Cap Index,2025-01,2025Q1,-0.6372140371431634
2025-01-05,4828.92,4843.88,4818.21,4836.3,896582097.41,80540,Tadawul Medium Cap Index,2025-01,2025Q1,-0.3046744230150722
2025-01-02,4851.4,4851.55,4821.25,4830.41,1132623969.11,98204,Tadawul Medium Cap Index,2025-01,2025Q1,-0.12178731675041021
2025-01-01,4841.89,4849.42,4832.16,4845.96,649535371.29,68318,Tadawul Medium Cap Index,2025-01,2025Q1,0.32191884332799514
2025-12-31,4284.98,4362.46,4284.98,4362.46,1144210487.82,170657,Tadawul Small Cap Index,2025-12,2025Q4,
2025-12-30,4338.78,4338.78,4256.57,4265.04,1273676746.0,200376,Tadawul Small Cap Index,2025-12,2025Q4,-2.233143684985084
2025-12-29,4310.96,4343.48,4292.95,4343.48,1073759892.36,179446,Tadawul Small Cap Index,2025-12,2025Q4,1.8391386716185343
2025-12-28,4385.17,4385.17,4307.94,4311.58,1087175787.6,175284,Tadawul Small Cap Index,2025-12,2025Q4,-0.7344341403667021
2025-12-25,4390.99,4405.29,4380.64,4380.64,697949550.49,116503,Tadawul Small Cap Index,2025-12,2025Q4,1.6017330073894165
2025-12-24,4432.27,4432.45,4386.53,4390.4,1073571819.04,165179,Tadawul Small Cap Index,2025-12,2025Q4,0.22279849519704076
2025-12-23,4405.77,4425.14,4405.36,4421.85,1172016375.57,171479,Tadawul Small Cap Index,2025-12,2025Q4,0.7163356413994348
2025-12-22,4424.49,4426.19,4392.38,4404.96,1312621817.42,188123,Tadawul Small Cap Index,2025-12,2025Q4,-0.381966823840707
2025-12-21,4392.91,4448.62,4392.43,4421.52,1122127333.26,158596,Tadawul Small Cap Index,2025-12,2025Q4,0.375939849624074
2025-12-18,4393.74,4395.88,4349.31,4385.32,1484782929.14,215184,Tadawul Small Cap Index,2025-12,2025Q4,-0.8187229730952428
2025-12-17,4384.32,4405.33,4366.29,4391.58,1148103011.58,172774,Tadawul Small Cap Index,2025-12,2025Q4,0.14274898981145867
2025-12-16,4447.77,4451.19,4380.66,4385.88,1229565762.94,207828,Tadawul Small Cap Index,2025-12,2025Q4,-0.12979383274356326
2025-12-15,4442.8,4452.58,4427.6,4448.78,1076226348.21,189895,Tadawul Small Cap Index,2025-12,2025Q4,1.434147765100735
2025-12-14,4509.64,4509.64,4441.25,4441.25,1133262341.78,176924,Tadawul Small Cap Index,2025-12,2025Q4,-0.1692598869802442
2025-12-11,4545.3,4547.76,4506.76,4513.53,1045228580.69,175583,Tadawul Small Cap Index,2025-12,2025Q4,1.6274697438783958
2025-12-10,4513.27,4535.61,4512.99,4534.95,1224359170.98,181032,Tadawul Small Cap Index,2025-12,2025Q4,0.47457311682874703
2025-12-09,4478.92,4510.1,4469.85,4508.73,1120132607.84,166880,Tadawul Small Cap Index,2025-12,2025Q4,-0.5781761651175943
2025-12-08,4498.47,4499.04,4467.11,4479.83,1109119935.59,173380,Tadawul Small Cap Index,2025-12,2025Q4,-0.6409787234986308
2025-12-07,4510.69,4525.57,4482.93,4493.84,963295127.88,149833,Tadawul Small Cap Index,2025-12,2025Q4,0.31273508146514306
2025-12-04,4476.88,4526.01,4475.99,4504.52,1419768702.36,218089,Tadawul Small Cap Index,2025-12,2025Q4,0.2376586616346099
2025-12-03,4437.34,4475.69,4432.33,4465.65,1158616498.98,174286,Tadawul Small Cap Index,2025-12,2025Q4,-0.8629110315860666
2025-12-02,4450.57,4468.87,4414.7,4430.36,1102079340.7,201603,Tadawul Small Cap Index,2025-12,2025Q4,-0.7902544982253401
2025-12-01,4458.39,4473.66,4438.16,4443.88,1054578533.03,194906,Tadawul Small Cap Index,2025-12,2025Q4,0.3051670744589785
2025-11-30,4522.35,4541.96,4457.0,4457.0,989967703.35,180150,Tadawul Small Cap Index,2025-11,2025Q4,0.295237495161893
2025-11-27,4528.0,4534.73,4493.46,4516.89,1048079910.29,195582,Tadawul Small Cap Index,2025-11,2025Q4,1.3437289656719864
2025-11-26,4529.13,4535.62,4489.9,4513.49,1311417717.43,212208,Tadawul Small Cap Index,2025-11,2025Q4,-0.0752730307800431
2025-11-25,4616.3,4625.85,4534.88,4534.88,1742640324.5,215074,Tadawul Small Cap Index,2025-11,2025Q4,0.4739126485269862
2025-11-24,4646.54,4648.41,4600.75,4623.63,1885828585.24,201126,Tadawul Small Cap Index,2025-11,2025Q4,1.9570528878382731
2025-11-23,4664.24,4683.07,4645.12,4647.45,908775153.3,147942,Tadawul Small Cap Index,2025-11,2025Q4,0.5151796315881585
2025-11-20,4647.46,4669.53,4642.24,4661.27,1219830536.82,188709,Tadawul Small Cap Index,2025-11,2025Q4,0.297367373505919
2025-11-19,4671.23,4690.84,4634.56,4642.63,1343589538.05,207243,Tadawul Small Cap Index,2025-11,2025Q4,-0.3998910168258929
2025-11-18,4647.49,4671.44,4619.54,4657.9,1653080420.06,248853,Tadawul Small Cap Index,2025-11,2025Q4,0.3289083989032049
2025-11-17,4665.61,4685.2,4624.89,4654.66,1482342834.97,225008,Tadawul Small Cap Index,2025-11,2025Q4,-0.06955924343587938
2025-11-16,4742.04,4742.63,4667.69,4669.48,1230565498.9,191515,Tadawul Small Cap Index,2025-11,2025Q4,0.3183906021062777
2025-11-13,4771.73,4773.18,4745.97,4745.97,1626736753.93,251925,Tadawul Small Cap Index,2025-11,2025Q4,1.6380838979929369
2025-11-12,4758.6,4786.33,4754.46,4770.24,1717599805.73,229907,Tadawul Small Cap Index,2025-11,2025Q4,0.5113812350267644
2025-11-11,4773.01,4774.41,4748.4,4755.24,1874975028.37,249603,Tadawul Small Cap Index,2025-11,2025Q4,-0.3144495874421449
2025-11-10,4759.21,4771.02,4740.34,4771.02,1813021063.75,241953,Tadawul Small Cap Index,2025-11,2025Q4,0.33184444949152514
2025-11-09,4801.66,4802.89,4738.34,4759.29,1424966035.13,200226,Tadawul Small Cap Index,2025-11,2025Q4,-0.2458593759825045
2025-11-06,4785.6,4808.58,4783.31,4808.58,1674860996.13,233610,Tadawul Small Cap Index,2025-11,2025Q4,1.035658680181295
2025-11-05,4848.0,4849.1,4782.3,4786.05,1804709572.82,270397,Tadawul Small Cap Index,2025-11,2025Q4,-0.46853748923798566
2025-11-04,4924.33,4929.9,4862.71,4868.59,1926484401.95,256719,Tadawul Small Cap Index,2025-11,2025Q4,1.7245954388274143
2025-11-03,4968.71,4969.29,4913.12,4931.9,2103328584.62,271876,Tadawul Small Cap Index,2025-11,2025Q4,1.30037649504271
2025-11-02,4983.81,4984.61,4963.88,4970.43,2062256268.17,229140,Tadawul Small Cap Index,2025-11,2025Q4,0.7812404955493957
2025-10-30,4970.7,5004.13,4968.01,4990.75,2556327770.07,287098,Tadawul Small Cap Index,2025-10,2025Q4,0.4088177481626376
2025-10-29,4962.1,4967.27,4952.61,4967.27,2028012301.65,237461,Tadawul Small Cap Index,2025-10,2025Q4,-0.47047037018482785
2025-10-28,4969.19,4969.81,4956.57,4960.72,2050168028.76,238208,Tadawul Small Cap Index,2025-10,2025Q4,-0.13186317635240918
2025-10-27,4984.7,4989.67,4957.66,4965.65,1903642757.91,246915,Tadawul Small Cap Index,2025-10,2025Q4,0.09938073505457723
2025-10-26,4955.84,4976.58,4955.8,4975.26,1631784069.98,193964,Tadawul Small Cap Index,2025-10,2025Q4,0.19352954799474187
2025-10-23,4914.29,4940.45,4904.13,4939.06,1756181525.78,250045,Tadawul Small Cap Index,2025-10,2025Q4,-0.7276001656194797
2025-10-22,4935.16,4948.12,4908.07,4908.94,1685015714.06,227065,Tadawul Small Cap Index,2025-10,2025Q4,-0.6098326402190102
2025-10-21,4999.99,5000.58,4937.4,4937.61,1908532835.19,259414,Tadawul Small Cap Index,2025-10,2025Q4,0.5840364722322855
2025-10-20,5029.57,5035.82,4993.89,4997.51,2152228297.48,272080,Tadawul Small Cap Index,2025-10,2025Q4,1.2131375301006164
2025-10-19,5037.74,5054.11,5024.95,5026.1,1967582998.94,247350,Tadawul Small Cap Index,2025-10,2025Q4,0.5720848982793569
2025-10-16,5045.13,5045.15,5024.93,5034.85,2604299548.12,311028,Tadawul Small Cap Index,2025-10,2025Q4,0.17409124370784124
2025-10-15,5030.47,5043.83,5022.9,5043.83,2766179418.61,298740,Tadawul Small Cap Index,2025-10,2025Q4,0.17835685273641655
2025-10-14,5050.72,5055.07,5021.62,5026.5,2636467370.73,313134,Tadawul Small Cap Index,2025-10,2025Q4,-0.34358810665704453
2025-10-13,4999.74,5047.12,4999.74,5044.31,2526962318.38,298225,Tadawul Small Cap Index,2025-10,2025Q4,0.35432209290759964
2025-10-12,4933.65,4999.69,4910.95,4986.46,2088511587.24,256465,Tadawul Small Cap Index,2025-10,2025Q4,-1.1468367328732798
2025-10-09,5005.5,5015.05,4995.74,5014.41,2035653448.45,264240,Tadawul Small Cap Index,2025-10,2025Q4,0.5605178824256152
2025-10-08,5037.07,5038.09,5000.91,5006.99,4862214584.16,305741,Tadawul Small Cap Index,2025-10,2025Q4,-0.14797354025698484
2025-10-07,5043.51,5047.43,5029.3,5039.15,2744769903.04,307966,Tadawul Small Cap Index,2025-10,2025Q4,0.6423020617177144
2025-10-06,5016.18,5038.38,5016.09,5038.38,2841438965.4,324004,Tadawul Small Cap Index,2025-10,2025Q4,-0.015280354821733955
2025-10-05,4986.51,5021.68,4986.51,5010.06,2465109732.53,290553,Tadawul Small Cap Index,2025-10,2025Q4,-0.562085432222259
2025-10-02,4979.75,4991.95,4974.82,4977.07,2648238992.57,323184,Tadawul Small Cap Index,2025-10,2025Q4,-0.6584751480022355
2025-10-01,4964.72,4981.86,4963.38,4966.16,2475204290.2,312812,Tadawul Small Cap Index,2025-10,2025Q4,-0.21920527539295298
2025-09-30,4947.16,4977.09,4945.99,4962.8,2939260227.49,349518,Tadawul Small Cap Index,2025-09,2025Q3,-0.06765790872624855
2025-09-29,4892.86,4940.87,4888.53,4940.87,2836741336.71,348260,Tadawul Small Cap Index,2025-09,2025Q3,-0.4418876440719033
2025-09-28,4876.08,4904.06,4875.28,4889.85,2343288086.94,275624,Tadawul Small Cap Index,2025-09,2025Q3,-1.0326116655568707
2025-09-25,4916.23,4916.4,4833.1,4875.16,2677911709.27,344045,Tadawul Small Cap Index,2025-09,2025Q3,-0.30041821323762985
2025-09-24,4794.85,4911.63,4794.34,4899.24,3258149710.74,416474,Tadawul Small Cap Index,2025-09,2025Q3,0.49393250683054113
2025-09-22,4777.69,4779.45,4761.36,4773.18,1978650011.32,295000,Tadawul Small Cap Index,2025-09,2025Q3,-2.573052146863586
2025-09-21,4745.62,4784.14,4739.54,4778.41,1856973916.25,262544,Tadawul Small Cap Index,2025-09,2025Q3,0.10957055883078493
2025-09-18,4700.98,4732.82,4678.92,4732.82,9681830291.23,292592,Tadawul Small Cap Index,2025-09,2025Q3,-0.9540830527309363
2025-09-17,4649.7,4691.39,4648.26,4691.39,1712968061.67,287921,Tadawul Small Cap Index,2025-09,2025Q3,-0.8753766253523088
2025-09-16,4579.32,4642.61,4579.26,4638.8,1480214199.18,252509,Tadawul Small Cap Index,2025-09,2025Q3,-1.120989727991073
2025-09-15,4550.1,4575.87,4537.74,4575.87,3761632411.64,215632,Tadawul Small Cap Index,2025-09,2025Q3,-1.3566008450461409
2025-09-14,4574.4,4577.82,4517.77,4548.95,1063847369.45,189391,Tadawul Small Cap Index,2025-09,2025Q3,-0.5883034264522413
2025-09-11,4616.97,4623.51,4567.1,4577.44,1164787481.99,211924,Tadawul Small Cap Index,2025-09,2025Q3,0.6262983765484398
2025-09-10,4636.39,4636.77,4592.92,4613.76,1034018774.69,203863,Tadawul Small Cap Index,2025-09,2025Q3,0.7934566045650016
2025-09-09,4635.27,4644.25,4589.09,4644.25,1443373501.87,260563,Tadawul Small Cap Index,2025-09,2025Q3,0.660849285615206
2025-09-08,4674.5,4683.96,4629.29,4636.94,1546710347.76,249714,Tadawul Small Cap Index,2025-09,2025Q3,-0.15739893416590878
2025-09-07,4688.48,4699.57,4670.29,4672.17,1013406912.78,194942,Tadawul Small Cap Index,2025-09,2025Q3,0.7597682954707308
2025-09-04,4687.74,4705.19,4677.69,4690.88,1126760164.59,215059,Tadawul Small Cap Index,2025-09,2025Q3,0.40045631901235446
2025-09-03,4687.34,4716.28,4683.75,4688.41,1070677289.59,207109,Tadawul Small Cap Index,2025-09,2025Q3,-0.05265536530459913
2025-09-02,4708.96,4709.41,4661.31,4685.45,1319749442.48,225338,Tadawul Small Cap Index,2025-09,2025Q3,-0.06313441017317123
2025-09-01,4746.39,4749.81,4699.52,4710.82,1204415875.66,224581,Tadawul Small Cap Index,2025-09,2025Q3,0.5414634666894402
2025-08-31,4805.44,4810.34,4736.1,4746.63,1156607612.53,197022,Tadawul Small Cap Index,2025-08,2025Q3,0.760164896981852
2025-08-28,4838.72,4839.01,4804.43,4806.86,1293962349.47,230421,Tadawul Small Cap Index,2025-08,2025Q3,1.2689002513361913
2025-08-27,4857.8,4862.99,4834.07,4838.28,1469741842.95,228244,Tadawul Small Cap Index,2025-08,2025Q3,0.6536491597425309
2025-08-26,4832.88,4855.49,4820.56,4855.49,2006385390.61,246955,Tadawul Small Cap Index,2025-08,2025Q3,0.355704919930222
2025-08-25,4839.74,4843.83,4820.82,4830.18,1489142120.67,252266,Tadawul Small Cap Index,2025-08,2025Q3,-0.5212656189179543
2025-08-24,4822.44,4861.03,4822.2,4838.99,1662629099.66,235455,Tadawul Small Cap Index,2025-08,2025Q3,0.18239485899074204
2025-08-21,4820.66,4822.93,4793.71,4799.91,1781102846.42,294270,Tadawul Small Cap Index,2025-08,2025Q3,-0.8076065459940995
2025-08-20,4833.25,4844.44,4818.75,4818.75,1387160329.32,237307,Tadawul Small Cap Index,2025-08,2025Q3,0.39250735951299465
2025-08-19,4832.94,4848.51,4816.01,4836.71,1675773664.35,272390,Tadawul Small Cap Index,2025-08,2025Q3,0.3727107652399475
2025-08-18,4840.66,4842.38,4825.96,4832.02,1601855056.51,265111,Tadawul Small Cap Index,2025-08,2025Q3,-0.09696673978798476
2025-08-17,4805.59,4844.83,4805.29,4835.23,1420520525.38,210414,Tadawul Small Cap Index,2025-08,2025Q3,0.06643184423904547
2025-08-14,4779.8,4801.84,4779.36,4801.84,1592098367.83,268886,Tadawul Small Cap Index,2025-08,2025Q3,-0.6905566022712306
2025-08-13,4813.56,4813.88,4776.87,4780.8,1806562825.48,273366,Tadawul Small Cap Index,2025-08,2025Q3,-0.43816536994152333
2025-08-12,4797.63,4812.44,4783.33,4787.96,1830461405.07,278879,Tadawul Small Cap Index,2025-08,2025Q3,0.14976572958500523
2025-08-11,4875.9,4875.99,4803.94,4803.94,2156856413.21,318315,Tadawul Small Cap Index,2025-08,2025Q3,0.333753832529915
2025-08-10,4910.95,4915.67,4880.52,4880.61,1861275226.37,243768,Tadawul Small Cap Index,2025-08,2025Q3,1.595981631743948
2025-08-07,4904.59,4916.01,4891.07,4910.73,2041153861.06,279964,Tadawul Small Cap Index,2025-08,2025Q3,0.6171359727574988
2025-08-06,4882.77,4906.19,4882.43,4900.72,2129312230.49,261828,Tadawul Small Cap Index,2025-08,2025Q3,-0.2038393477140743
2025-08-05,4844.19,4875.71,4835.2,4875.71,2196290933.24,277044,Tadawul Small Cap Index,2025-08,2025Q3,-0.5103331755333951
2025-08-04,4807.98,4837.18,4786.53,4835.34,1823954371.15,269845,Tadawul Small Cap Index,2025-08,2025Q3,-0.8279819759583695
2025-08-03,4832.39,4833.25,4786.2,4826.04,1304699551.76,205550,Tadawul Small Cap Index,2025-08,2025Q3,-0.1923339413567593
2025-07-31,4860.14,4863.24,4833.34,4856.8,1690271082.76,241679,Tadawul Small Cap Index,2025-07,2025Q3,0.6373755708614093
2025-07-30,4857.12,4861.16,4828.23,4861.16,1718805748.79,237853,Tadawul Small Cap Index,2025-07,2025Q3,0.08977104266183478
2025-07-29,4898.15,4898.45,4847.84,4860.18,1501703292.95,242078,Tadawul Small Cap Index,2025-07,2025Q3,-0.02015979725003003
2025-07-28,4945.11,4945.79,4904.54,4910.18,1742689038.55,239458,Tadawul Small Cap Index,2025-07,2025Q3,1.0287684818257814
2025-07-27,4943.34,4961.21,4939.56,4940.9,1587785496.82,212455,Tadawul Small Cap Index,2025-07,2025Q3,0.6256389786117644
2025-07-24,4945.54,4954.67,4920.95,4933.62,1688512230.88,242150,Tadawul Small Cap Index,2025-07,2025Q3,-0.14734157744540344
2025-07-23,4894.84,4940.52,4882.53,4938.05,1704775096.57,231301,Tadawul Small Cap Index,2025-07,2025Q3,0.08979207964943114
2025-07-22,4977.57,4982.83,4894.5,4898.68,1845353398.31,262161,Tadawul Small Cap Index,2025-07,2025Q3,-0.7972782778627119
2025-07-21,4974.9,4976.8,4938.85,4973.54,1866002374.43,269689,Tadawul Small Cap Index,2025-07,2025Q3,1.528166771456796
2025-07-20,5023.89,5047.36,4977.62,4977.79,1683752403.78,224812,Tadawul Small Cap Index,2025-07,2025Q3,0.08545221311178075
2025-07-17,5012.86,5029.85,4985.91,5014.64,1518434176.89,230521,Tadawul Small Cap Index,2025-07,2025Q3,0.7402883608991218
2025-07-16,5043.27,5063.29,5012.03,5014.68,1688402423.02,251786,Tadawul Small Cap Index,2025-07,2025Q3,0.000797664438523249
2025-07-15,5087.85,5092.38,5036.06,5044.08,1727013740.26,248541,Tadawul Small Cap Index,2025-07,2025Q3,0.5862786857785407
2025-07-14,5134.7,5134.86,5068.71,5088.01,2096871779.46,277696,Tadawul Small Cap Index,2025-07,2025Q3,0.8709219520705469
2025-07-13,5132.69,5152.24,5129.33,5132.84,2227178479.66,269667,Tadawul Small Cap Index,2025-07,2025Q3,0.881091035591508
2025-07-10,5114.96,5130.35,5111.93,5127.48,2147636445.17,263415,Tadawul Small Cap Index,2025-07,2025Q3,-0.10442562012453749
2025-07-09,5092.17,5110.7,5075.1,5110.7,2161730221.72,270161,Tadawul Small Cap Index,2025-07,2025Q3,-0.3272562740371465
2025-07-08,5116.13,5118.25,5084.87,5085.39,2401653548.86,308511,Tadawul Small Cap Index,2025-07,2025Q3,-0.4952354863325903
2025-07-07,5110.04,5119.64,5099.67,5117.38,2562359556.51,303504,Tadawul Small Cap Index,2025-07,2025Q3,0.6290569651491884
2025-07-06,5083.3,5106.07,5076.14,5103.23,2257325970.52,265250,Tadawul Small Cap Index,2025-07,2025Q3,-0.27650868217722335
2025-07-03,5065.19,5079.36,5060.04,5079.36,2345098856.4,298276,Tadawul Small Cap Index,2025-07,2025Q3,-0.46774297846657875
2025-07-02,5072.18,5079.97,5055.75,5063.83,2234962129.42,281610,Tadawul Small Cap Index,2025-07,2025Q3,-0.30574718074717344
2025-07-01,5074.13,5083.57,5056.62,5065.12,2551139473.56,303801,Tadawul Small Cap Index,2025-07,2025Q3,0.025474788845603058
2025-06-30,5067.55,5078.53,5047.36,5069.14,3025744842.87,346971,Tadawul Small Cap Index,2025-06,2025Q2,0.07936633288057049
2025-06-29,5000.86,5058.19,4998.83,5058.19,2507707511.76,285303,Tadawul Small Cap Index,2025-06,2025Q2,-0.21601297261469865
2025-06-26,4930.4,4973.45,4913.37,4973.45,2120571517.69,255179,Tadawul Small Cap Index,2025-06,2025Q2,-1.675302825714331
2025-06-25,4895.24,4918.75,4868.07,4918.12,2139908140.58,265145,Tadawul Small Cap Index,2025-06,2025Q2,-1.1125074143703007
2025-06-24,4792.71,4875.41,4788.77,4868.99,2633198384.91,289088,Tadawul Small Cap Index,2025-06,2025Q2,-0.9989589517945929
2025-06-23,4612.87,4695.06,4611.34,4695.06,1507672385.87,211673,Tadawul Small Cap Index,2025-06,2025Q2,-3.572198751691813
2025-06-22,4594.46,4683.55,4594.42,4601.11,1377980828.1,197592,Tadawul Small Cap Index,2025-06,2025Q2,-2.001039390337944
2025-06-19,4588.89,4621.42,4567.85,4599.98,1250769263.21,201066,Tadawul Small Cap Index,2025-06,2025Q2,-0.024559291127579375
2025-06-18,4667.33,4668.78,4586.86,4590.25,1409725457.28,225823,Tadawul Small Cap Index,2025-06,2025Q2,-0.211522658794161
2025-06-17,4767.56,4784.26,4686.86,4686.86,1620526276.75,234853,Tadawul Small Cap Index,2025-06,2025Q2,2.1046783944229652
2025-06-16,4691.76,4790.71,4689.58,4769.69,1649171847.68,231111,Tadawul Small Cap Index,2025-06,2025Q2,1.7672812928058335
2025-06-15,4494.91,4713.69,4494.77,4676.5,1882051951.52,249261,Tadawul Small Cap Index,2025-06,2025Q2,-1.9537957393457317
2025-06-12,4931.99,4932.35,4782.68,4785.83,1800003436.72,262759,Tadawul Small Cap Index,2025-06,2025Q2,2.3378595103175526
2025-06-11,4953.54,4991.88,4951.13,4964.83,1565636419.24,204937,Tadawul Small Cap Index,2025-06,2025Q2,3.7402080725809306
2025-06-04,4908.21,4936.22,4907.38,4930.83,1232649480.69,183961,Tadawul Small Cap Index,2025-06,2025Q2,-0.6848170027976774
2025-06-03,4899.56,4925.31,4894.14,4897.83,1063516085.62,174415,Tadawul Small Cap Index,2025-06,2025Q2,-0.6692585223988634
2025-06-02,4899.09,4908.72,4882.59,4895.0,1066735954.07,180816,Tadawul Small Cap Index,2025-06,2025Q2,-0.05778069063238078
2025-06-01,4948.64,4958.65,4880.61,4893.73,1013117230.03,178205,Tadawul Small Cap Index,2025-06,2025Q2,-0.02594484167518507
2025-05-29,4923.74,4957.27,4915.56,4953.62,1606097483.16,210174,Tadawul Small Cap Index,2025-05,2025Q2,1.2238108763662936
2025-05-28,4864.55,4917.15,4862.62,4904.3,1177939851.33,192484,Tadawul Small Cap Index,2025-05,2025Q2,-0.9956355150374852
2025-05-27,4939.9,4940.42,4842.96,4848.78,1286656101.8,219149,Tadawul Small Cap Index,2025-05,2025Q2,-1.1320677772567067
2025-05-26,4973.45,4991.94,4886.98,4933.26,1513705690.98,226768,Tadawul Small Cap Index,2025-05,2025Q2,1.7422939378565427
2025-05-25,5031.03,5035.05,4968.7,4968.7,1311576780.97,194045,Tadawul Small Cap Index,2025-05,2025Q2,0.7183890571346163
2025-05-22,5040.25,5053.01,5018.67,5028.74,1563851155.79,238804,Tadawul Small Cap Index,2025-05,2025Q2,1.208364360899239
2025-05-21,5113.29,5115.52,5053.83,5054.45,1629883063.51,245932,Tadawul Small Cap Index,2025-05,2025Q2,0.511261270218788
2025-05-20,5101.06,5116.18,5089.98,5111.84,1731773901.91,230162,Tadawul Small Cap Index,2025-05,2025Q2,1.1354351116343198
2025-05-19,5142.3,5143.66,5094.5,5101.41,2016977009.27,259597,Tadawul Small Cap Index,2025-05,2025Q2,-0.2040361200663643
2025-05-18,5153.17,5165.45,5140.71,5144.03,2031496061.44,233431,Tadawul Small Cap Index,2025-05,2025Q2,0.8354552956927552
2025-05-15,5196.87,5198.09,5142.09,5154.97,2541080699.67,256815,Tadawul Small Cap Index,2025-05,2025Q2,0.21267372079867286
2025-05-14,5190.72,5204.61,5184.46,5202.13,2355730825.0,269338,Tadawul Small Cap Index,2025-05,2025Q2,0.9148452852295819
2025-05-13,5184.89,5184.89,5149.82,5176.25,2131002063.04,265420,Tadawul Small Cap Index,2025-05,2025Q2,-0.49748852873726657
2025-05-12,5099.23,5167.13,5099.11,5167.13,2300987571.17,262226,Tadawul Small Cap Index,2025-05,2025Q2,-0.1761893262496983
2025-05-11,5100.46,5112.65,5076.86,5083.88,1452900108.71,202445,Tadawul Small Cap Index,2025-05,2025Q2,-1.611145839179584
2025-05-08,5126.69,5130.85,5084.25,5087.17,1769046270.57,243159,Tadawul Small Cap Index,2025-05,2025Q2,0.06471435203034837
2025-05-07,5170.9,5172.84,5122.23,5128.36,1721242954.3,236574,Tadawul Small Cap Index,2025-05,2025Q2,0.8096839696727143
2025-05-06,5191.42,5213.15,5162.72,5177.44,1844798414.31,243279,Tadawul Small Cap Index,2025-05,2025Q2,0.9570310976608543
2025-05-05,5141.04,5188.3,5115.85,5183.95,1850952171.24,251110,Tadawul Small Cap Index,2025-05,2025Q2,0.12573781637257309
2025-05-04,5204.91,5214.62,5141.54,5145.82,1344693278.94,213118,Tadawul Small Cap Index,2025-05,2025Q2,-0.7355395017313082
2025-05-01,5254.75,5255.52,5182.95,5201.66,1769794139.56,253968,Tadawul Small Cap Index,2025-05,2025Q2,1.085152609302309
2025-04-30,5314.43,5317.38,5240.47,5253.44,2678054414.55,332160,Tadawul Small Cap Index,2025-04,2025Q2,0.9954514520364555
2025-04-29,5309.12,5321.44,5299.47,5302.56,2795030037.17,322556,Tadawul Small Cap Index,2025-04,2025Q2,0.9350063958092347
2025-04-28,5293.84,5306.04,5278.71,5297.29,2911494792.64,336028,Tadawul Small Cap Index,2025-04,2025Q2,-0.09938595697173147
2025-04-27,5282.87,5289.92,5275.29,5286.33,2154718597.02,257631,Tadawul Small Cap Index,2025-04,2025Q2,-0.20689824419656277
2025-04-24,5226.62,5264.55,5224.68,5264.06,2598665589.96,322503,Tadawul Small Cap Index,2025-04,2025Q2,-0.4212752514504259
2025-04-23,5216.55,5237.78,5204.63,5213.18,2135146474.21,293933,Tadawul Small Cap Index,2025-04,2025Q2,-0.9665543325873993
2025-04-22,5173.27,5193.72,5153.18,5177.65,2005319442.98,295299,Tadawul Small Cap Index,2025-04,2025Q2,-0.6815417844770466
2025-04-21,5237.92,5238.1,5191.22,5192.53,1652231406.65,279775,Tadawul Small Cap Index,2025-04,2025Q2,0.2873890664683909
2025-04-20,5192.35,5241.03,5192.26,5234.5,1533674681.2,214152,Tadawul Small Cap Index,2025-04,2025Q2,0.80827650490225
2025-04-17,5210.13,5211.02,5172.34,5179.79,1925482515.1,298605,Tadawul Small Cap Index,2025-04,2025Q2,-1.045181010602736
2025-04-16,5239.03,5248.14,5199.27,5231.47,2243488310.99,310297,Tadawul Small Cap Index,2025-04,2025Q2,0.9977238459474291
2025-04-15,5249.98,5275.15,5235.83,5242.16,2913254864.39,365569,Tadawul Small Cap Index,2025-04,2025Q2,0.20434027147244738
2025-04-14,5194.52,5238.15,5162.78,5233.46,2955911021.42,362926,Tadawul Small Cap Index,2025-04,2025Q2,-0.16596212248385367
2025-04-13,5126.9,5186.85,5126.08,5178.25,2236739339.16,309918,Tadawul Small Cap Index,2025-04,2025Q2,-1.0549426192232314
2025-04-10,5138.02,5138.89,5064.51,5090.82,2915960185.0,338477,Tadawul Small Cap Index,2025-04,2025Q2,-1.6884082460290717
2025-04-09,4985.09,5028.27,4888.93,4901.77,2377110809.15,344711,Tadawul Small Cap Index,2025-04,2025Q2,-3.7135471299319045
2025-04-08,5015.2,5108.88,5004.81,5022.24,2754785670.68,337479,Tadawul Small Cap Index,2025-04,2025Q2,2.457683653047771
2025-04-07,4775.88,4977.76,4664.15,4948.59,3518028995.4,428672,Tadawul Small Cap Index,2025-04,2025Q2,-1.4664771098155338
2025-04-06,5054.61,5079.97,4931.91,4931.91,2450021129.91,330845,Tadawul Small Cap Index,2025-04,2025Q2,-0.33706570962638294
2025-04-03,5350.44,5381.25,5308.01,5344.5,1695820803.62,241000,Tadawul Small Cap Index,2025-04,2025Q2,8.365724435360743
2025-03-27,5354.55,5397.24,5344.16,5393.37,1609109924.45,221226,Tadawul Small Cap Index,2025-03,2025Q1,0.9143979792309853
2025-03-26,5247.05,5342.57,5246.73,5342.57,1504855070.02,214665,Tadawul Small Cap Index,2025-03,2025Q1,-0.9418971811687382
2025-03-25,5285.9,5291.01,5241.37,5242.92,1186408398.85,200446,Tadawul Small Cap Index,2025-03,2025Q1,-1.8652071942903858
2025-03-24,5263.59,5280.99,5236.93,5275.92,1371764959.15,193973,Tadawul Small Cap Index,2025-03,2025Q1,0.629420246732737
2025-03-23,5271.93,5287.63,5265.35,5267.36,1014610978.36,150087,Tadawul Small Cap Index,2025-03,2025Q1,-0.16224658448195095
2025-03-20,5250.56,5277.42,5241.17,5266.43,1578238161.39,190175,Tadawul Small Cap Index,2025-03,2025Q1,-0.01765590352661439
2025-03-19,5281.36,5282.75,5222.52,5252.92,1253045220.63,195161,Tadawul Small Cap Index,2025-03,2025Q1,-0.2565305149788366
2025-03-18,5355.91,5356.04,5279.78,5290.74,1846741290.74,225938,Tadawul Small Cap Index,2025-03,2025Q1,0.7199805060804199
2025-03-17,5385.65,5407.47,5339.6,5344.04,1936937863.05,233420,Tadawul Small Cap Index,2025-03,2025Q1,1.007420512064483
2025-03-16,5297.25,5370.14,5278.2,5367.32,1922886471.75,183511,Tadawul Small Cap Index,2025-03,2025Q1,0.4356254818451921
2025-03-13,5266.35,5293.36,5254.87,5281.13,2857528993.09,215419,Tadawul Small Cap Index,2025-03,2025Q1,-1.6058293524514933
2025-03-12,5232.41,5273.55,5222.13,5258.9,1685591729.54,217016,Tadawul Small Cap Index,2025-03,2025Q1,-0.42093264130972363
2025-03-11,5169.56,5231.97,5072.81,5222.62,2238269666.98,265143,Tadawul Small Cap Index,2025-03,2025Q1,-0.689878111392106
2025-03-10,5288.45,5289.55,5217.91,5217.91,1769228256.92,222888,Tadawul Small Cap Index,2025-03,2025Q1,-0.09018461998001603
2025-03-09,5329.39,5330.83,5253.56,5293.49,1398498161.2,180572,Tadawul Small Cap Index,2025-03,2025Q1,1.448472664342626
2025-03-06,5383.5,5383.5,5292.33,5320.51,2286258838.61,264753,Tadawul Small Cap Index,2025-03,2025Q1,0.510438293073201
2025-03-05,5440.93,5445.74,5376.92,5393.82,2194225889.1,248690,Tadawul Small Cap Index,2025-03,2025Q1,1.3778754292351536
2025-03-04,5511.25,5511.25,5440.11,5452.06,1890264356.1,234216,Tadawul Small Cap Index,2025-03,2025Q1,1.0797542372567248
2025-03-03,5503.45,5531.58,5473.13,5520.14,1828967600.74,238695,Tadawul Small Cap Index,2025-03,2025Q1,1.2487023253595853
2025-03-02,5607.15,5612.75,5492.19,5500.17,1378013894.8,194571,Tadawul Small Cap Index,2025-03,2025Q1,-0.36176618708946284
2025-02-27,5646.74,5646.96,5608.85,5608.85,2401308677.93,229141,Tadawul Small Cap Index,2025-02,2025Q1,1.9759389255241233
2025-02-26,5658.91,5661.91,5623.35,5644.44,2026032256.19,200017,Tadawul Small Cap Index,2025-02,2025Q1,0.6345329256442822
2025-02-25,5666.45,5669.76,5613.85,5655.09,2217584017.35,238272,Tadawul Small Cap Index,2025-02,2025Q1,0.18868125093012278
2025-02-24,5730.8,5734.18,5660.33,5669.58,2092257981.73,240304,Tadawul Small Cap Index,2025-02,2025Q1,0.25622934383007223
2025-02-20,5736.93,5737.03,5703.89,5733.76,1963222548.61,223218,Tadawul Small Cap Index,2025-02,2025Q1,1.1320062509039497
2025-02-19,5793.85,5795.51,5737.26,5742.09,2167910533.74,226373,Tadawul Small Cap Index,2025-02,2025Q1,0.14527988614800869
2025-02-18,5811.5,5822.67,5790.8,5797.82,2236207411.95,227759,Tadawul Small Cap Index,2025-02,2025Q1,0.9705525340076404
2025-02-17,5852.67,5852.78,5800.38,5811.63,2341134861.37,229038,Tadawul Small Cap Index,2025-02,2025Q1,0.23819297598064448
2025-02-16,5858.8,5885.03,5848.79,5850.29,2052613127.87,196282,Tadawul Small Cap Index,2025-02,2025Q1,0.6652178476606263
2025-02-13,5839.64,5856.46,5831.99,5856.46,2387683155.08,231579,Tadawul Small Cap Index,2025-02,2025Q1,0.10546485729767685
2025-02-12,5872.4,5878.18,5827.67,5836.74,2668770135.9,269682,Tadawul Small Cap Index,2025-02,2025Q1,-0.336722183708249
2025-02-11,5893.5,5894.19,5867.15,5872.36,2831358964.87,268654,Tadawul Small Cap Index,2025-02,2025Q1,0.6102721724798421
2025-02-10,5917.77,5918.54,5886.68,5893.36,2814236541.02,275131,Tadawul Small Cap Index,2025-02,2025Q1,0.3576075036271664
2025-02-09,5923.98,5934.39,5920.19,5922.38,2334146235.27,222749,Tadawul Small Cap Index,2025-02,2025Q1,0.4924185863412367
2025-02-06,5910.57,5924.34,5894.59,5924.34,2689953063.69,247348,Tadawul Small Cap Index,2025-02,2025Q1,0.03309480310280666
2025-02-05,5898.31,5909.26,5893.51,5903.99,3060418052.45,277314,Tadawul Small Cap Index,2025-02,2025Q1,-0.3434981787000857
2025-02-04,5857.56,5893.83,5856.33,5892.56,2871974954.69,253526,Tadawul Small Cap Index,2025-02,2025Q1,-0.1935978888852996
2025-02-03,5881.57,5881.88,5840.12,5857.48,2753393663.5,274503,Tadawul Small Cap Index,2025-02,2025Q1,-0.5953269886093793
2025-02-02,5880.03,5892.09,5867.89,5884.26,2918897496.16,263591,Tadawul Small Cap Index,2025-02,2025Q1,0.4571931957087383
2025-01-30,5861.63,5876.95,5856.51,5872.58,2978262199.06,271712,Tadawul Small Cap Index,2025-01,2025Q1,-0.1984956477110167
2025-01-29,5904.75,5909.88,5845.78,5856.09,3262555314.74,286558,Tadawul Small Cap Index,2025-01,2025Q1,-0.2807965153305614
2025-01-28,5871.67,5902.07,5868.71,5889.84,3481201387.57,299155,Tadawul Small Cap Index,2025-01,2025Q1,0.5763231097882793
2025-01-27,5878.47,5899.15,5867.66,5869.18,3449031410.42,322485,Tadawul Small Cap Index,2025-01,2025Q1,-0.3507735354440822
2025-01-26,5852.28,5884.01,5850.55,5878.03,3026372879.14,254944,Tadawul Small Cap Index,2025-01,2025Q1,0.15078767391696335
2025-01-23,5832.77,5846.38,5828.81,5843.06,3149656805.71,285419,Tadawul Small Cap Index,2025-01,2025Q1,-0.5949272120080895
2025-01-22,5819.58,5840.6,5818.2,5831.25,4018300660.19,312498,Tadawul Small Cap Index,2025-01,2025Q1,-0.2021201219908786
2025-01-21,5786.23,5814.29,5780.47,5812.83,3667892290.36,310205,Tadawul Small Cap Index,2025-01,2025Q1,-0.3158842443729881
2025-01-20,5771.12,5789.91,5756.57,5781.14,3115340214.34,277156,Tadawul Small Cap Index,2025-01,2025Q1,-0.5451733492980115
2025-01-19,5735.57,5768.81,5734.34,5765.49,2551147520.26,244688,Tadawul Small Cap Index,2025-01,2025Q1,-0.2707078534683549
2025-01-16,5739.67,5747.57,5730.16,5731.32,2522154717.39,270717,Tadawul Small Cap Index,2025-01,2025Q1,-0.592664283521438
2025-01-15,5739.84,5748.74,5729.89,5733.66,2928135833.03,300180,Tadawul Small Cap Index,2025-01,2025Q1,0.040828290864936
2025-01-14,5704.14,5736.08,5699.44,5735.32,2829868253.95,272640,Tadawul Small Cap Index,2025-01,2025Q1,0.028951838790569617
2025-01-13,5706.06,5717.88,5690.95,5700.9,2478398688.64,258589,Tadawul Small Cap Index,2025-01,2025Q1,-0.6001408814155118
2025-01-12,5682.22,5706.8,5682.0,5703.22,2177865117.73,219842,Tadawul Small Cap Index,2025-01,2025Q1,0.0406953288077494
2025-01-09,5706.77,5707.03,5666.19,5681.08,2752743296.47,265022,Tadawul Small Cap Index,2025-01,2025Q1,-0.38820175269409507
2025-01-08,5668.63,5701.0,5658.89,5692.15,3468261191.25,290154,Tadawul Small Cap Index,2025-01,2025Q1,0.19485731586246224
2025-01-07,5649.99,5676.12,5636.23,5668.57,3542456691.86,309082,Tadawul Small Cap Index,2025-01,2025Q1,-0.4142547192185764
2025-01-06,5613.25,5656.94,5604.83,5645.21,3160084394.62,292704,Tadawul Small Cap Index,2025-01,2025Q1,-0.41209687804860673
2025-01-05,5601.64,5610.96,5580.95,5609.86,2272116869.2,217054,Tadawul Small Cap Index,2025-01,2025Q1,-0.6261945968351945
2025-01-02,5625.59,5625.74,5590.95,5600.17,2457805429.3,266716,Tadawul Small Cap Index,2025-01,2025Q1,-0.17273158331936322
2025-01-01,5612.54,5624.57,5599.87,5624.03,1856208028.71,209285,Tadawul Small Cap Index,2025-01,2025Q1,0.42605849465282564
